INSERT INTO cm.status (id, name, description) VALUES (1, N'preliminary', N'Describes records recently inserted, neding some type of validation');
INSERT INTO cm.status (id, name, description) VALUES (2, N'active', N'Describes records available for use, validated');
INSERT INTO cm.status (id, name, description) VALUES (3, N'blocked', N'Available for read but not for modifying it');
INSERT INTO cm.status (id, name, description) VALUES (4, N'suspended', N'Temporary unavailable, not visible nor modifiable. Possibly in maintenance by admin');
INSERT INTO cm.status (id, name, description) VALUES (5, N'deleted', N'Logically removed and not visible for application users. No way back');
;
INSERT INTO cm.customField (id, entity, field, dataType, statusId) VALUES (1, N'georeference', N'longName', N'C', 1)
INSERT INTO cm.customField (id, entity, field, dataType, statusId) VALUES (2, N'georeference', N'faoCode', N'C', 1)
INSERT INTO cm.customField (id, entity, field, dataType, statusId) VALUES (3, N'georeference', N'isoCode', N'N', 1)
INSERT INTO cm.customField (id, entity, field, dataType, statusId) VALUES (4, N'georeference', N'cc2Code', N'C', 1)
INSERT INTO cm.customField (id, entity, field, dataType, statusId) VALUES (5, N'georeference', N'geographicCode', N'C', 1)
INSERT INTO cm.customField (id, entity, field, dataType, statusId) VALUES (6, N'georeference', N'economicCode', N'C', 1)
INSERT INTO cm.customField (id, entity, field, dataType, statusId) VALUES (7, N'georeference', N'regionCodeWheat', N'C', 1)
INSERT INTO cm.customField (id, entity, field, dataType, statusId) VALUES (8, N'georeference', N'regionCodeMaize', N'C', 1)
INSERT INTO cm.customField (id, entity, field, dataType, statusId) VALUES (9, N'germplasm', N'organizationNoStandard', N'C', 1)
INSERT INTO cm.customField (id, entity, field, dataType, statusId) VALUES (10, N'germplasm', N'originCrossType', N'C', 1)
INSERT INTO cm.customField (id, entity, field, dataType, statusId) VALUES (11, N'germplasm', N'selectionNumber', N'N', 1)
INSERT INTO cm.customField (id, entity, field, dataType, statusId) VALUES (12, N'experiment', N'designNoStandard', N'C', 1)
INSERT INTO cm.customField (id, entity, field, dataType, statusId) VALUES (13, N'experiment', N'cycle', N'C', 1)
INSERT INTO cm.customField (id, entity, field, dataType, statusId) VALUES (14, N'experiment', N'coopKey', N'N', 1)
INSERT INTO cm.customField (id, entity, field, dataType, statusId) VALUES (15, N'experiment', N'stationId', N'N', 1)
;
INSERT INTO cm.crop (id, code, name, statusId) VALUES (1, N'M', N'maize', 1);
INSERT INTO cm.crop (id, code, name, statusId) VALUES (2, N'W', N'wheat', 1);
;

INSERT INTO cm.breedingMethodType (id, name, description, code, statusId, createdOn, createdBy) VALUES (1, N'generative', N'Mainly for crossing methods', N'GEN', 1, '2016-10-10 14:39:13.187', 1);
INSERT INTO cm.breedingMethodType (id, name, description, code, statusId, createdOn, createdBy) VALUES (2, N'derivative', N'Mainly for selection methods', N'DER', 1, '2016-10-10 14:39:13.187', 1);
INSERT INTO cm.breedingMethodType (id, name, description, code, statusId, createdOn, createdBy) VALUES (3, N'maintenance', N'Mainly for maintenance methods', N'MAN', 1, '2016-10-10 14:39:13.187', 3);
;
INSERT INTO cm.breedingMethod (id, name, description, code, cropId, typeId, statusId, createdOn, createdBy) VALUES (1, N'Unknown Cross', N'Unknown crossing method', N'UNKC', 2, 1, 1, '2016-10-10 14:39:13.187', 1);
INSERT INTO cm.breedingMethod (id, name, description, code, cropId, typeId, statusId, createdOn, createdBy) VALUES (2, N'Unknown Selection', N'Unknown selection method', N'UNKS', 2, 2, 1, '2016-10-10 14:39:13.187', 1);
INSERT INTO cm.breedingMethod (id, name, description, code, cropId, typeId, statusId, createdOn, createdBy) VALUES (3, N'Single cross', N'Cross between two single plants. If both parents are fixed (pure) inbred lines there will be no segregation for gametes or genotypes.', N'C2W', 2, 1, 1, '2016-10-10 14:39:13.187', 1);
INSERT INTO cm.breedingMethod (id, name, description, code, cropId, typeId, statusId, createdOn, createdBy) VALUES (4, N'Three-way cross', N'Cross between two plants, one an inbred line and one a single cross (usually an F1) and thus segregating for gametes.', N'C3W', 2, 1, 1, '2016-10-10 14:39:13.187', 1);
INSERT INTO cm.breedingMethod (id, name, description, code, cropId, typeId, statusId, createdOn, createdBy) VALUES (5, N'Double cross', N'Cross between two single crosses (usually two F1s) and hence both segregating for gametes.', N'CDC', 2, 1, 1, '2016-10-10 14:39:13.187', 1);
INSERT INTO cm.breedingMethod (id, name, description, code, cropId, typeId, statusId, createdOn, createdBy) VALUES (6, N'Backcross', N'Backcross to recover a specific gene. The coding in the genealogical table records which parent was used as the female in each cycle. Each entity kept separate.', N'BCR', 2, 1, 1, '2016-10-10 14:39:13.187', 1);
INSERT INTO cm.breedingMethod (id, name, description, code, cropId, typeId, statusId, createdOn, createdBy) VALUES (7, N'Interspecific cross', N'Cross between two species. The problem with making this a separate method is that the species cross could be made by any of the previous (101-108) or following (110-113)', N'CIS', 2, 1, 1, '2016-10-10 14:39:13.187', 1);
INSERT INTO cm.breedingMethod (id, name, description, code, cropId, typeId, statusId, createdOn, createdBy) VALUES (8, N'Female Backcross', N'Backcross to recover a specific gene. The coding in the genealogical table records which parent was used as the female in each cycle. Each entity kept separate.', N'FBCR', 2, 1, 1, '2016-10-10 14:39:13.187', 1);
INSERT INTO cm.breedingMethod (id, name, description, code, cropId, typeId, statusId, createdOn, createdBy) VALUES (9, N'Male Backcross', N'Backcross to recover a specific gene. The coding in the genealogical table records which parent was used as the male in each cycle. Each entity kept separate.', N'MBCR', 2, 1, 1, '2016-10-10 14:39:13.187', 1);
INSERT INTO cm.breedingMethod (id, name, description, code, cropId, typeId, statusId, createdOn, createdBy) VALUES (10, N'Single plant selection', N'Derivation through selection of a single plant, inflorescence, fruit or seed from a population', N'DSP', 2, 2, 1, '2016-10-10 14:39:13.187', 1);
INSERT INTO cm.breedingMethod (id, name, description, code, cropId, typeId, statusId, createdOn, createdBy) VALUES (11, N'Selected bulk', N'Derived through bulking seed from a selected set of self fertilized plants', N'DSB', 2, 2, 1, '2016-10-10 14:39:13.187', 1);
INSERT INTO cm.breedingMethod (id, name, description, code, cropId, typeId, statusId, createdOn, createdBy) VALUES (12, N'Random bulk selection', N'Derivation through bulking seed from a random selection of single plants from a self fertilising population.', N'DRB', 2, 2, 1, '2016-10-10 14:39:13.187', 1);
INSERT INTO cm.breedingMethod (id, name, description, code, cropId, typeId, statusId, createdOn, createdBy) VALUES (14, N'ALLO-POLYPLOID CF        ', N'Polyploid formed by doubling the chromosomes from two or more species. Wheat is an allo-polyploid as it contains genomes from three different species.                                                  ', N'OLP ', 1, 1, 1, '2016-10-10 14:39:13.187', 3);
INSERT INTO cm.breedingMethod (id, name, description, code, cropId, typeId, statusId, createdOn, createdBy) VALUES (15, N'ALLO-POLYPLOID SF        ', N'Polyploid formed by doubling the chromosomes of a cross between two or more species. Wheat is an allopolyploid as it contains genomes from three different species.                                     ', N'ALP ', 1, 1, 1, '2016-10-10 14:39:13.187', 3);
INSERT INTO cm.breedingMethod (id, name, description, code, cropId, typeId, statusId, createdOn, createdBy) VALUES (16, N'AUTO-POLYPLOID CF        ', N'Polyploid formed by doubling the chromosome number of a species. Lucerne (alfalfa) is an auto-polyploid with 4 sets of the same genome.                                                                 ', N'OUP ', 1, 1, 1, '2016-10-10 14:39:13.187', 3);
INSERT INTO cm.breedingMethod (id, name, description, code, cropId, typeId, statusId, createdOn, createdBy) VALUES (17, N'AUTO-POLYPLOID SF        ', N'Polyploid formed by doubling the chromosome number of a species. Lucerne (alfalfa) is an autopolyploid with 4 sets of the same genome.                                                                  ', N'AUP ', 1, 1, 1, '2016-10-10 14:39:13.187', 3);
INSERT INTO cm.breedingMethod (id, name, description, code, cropId, typeId, statusId, createdOn, createdBy) VALUES (18, N'BACKCROSS                ', N'Backcross to recover a specific gene. The coding in the genealogical table records which parent was used as the female in each cycle. A different entry is required in the germplasm table for each enti', N'BC  ', 1, 1, 1, '2016-10-10 14:39:13.187', 3);
INSERT INTO cm.breedingMethod (id, name, description, code, cropId, typeId, statusId, createdOn, createdBy) VALUES (19, N'BROAD BASED TESTER, LINE ', N'Test (Top) cross between a known  plant and a broad based (many plants)  tester. For practical reasons the tester population is used as the male which can be stored pollen.If the tester line or popula', N'TBL ', 1, 1, 1, '2016-10-10 14:39:13.187', 3);
INSERT INTO cm.breedingMethod (id, name, description, code, cropId, typeId, statusId, createdOn, createdBy) VALUES (20, N'BROAD BASED TESTER, POP C', N'Test (Top) between a known  population and a broad based  tester. For practical reasons the tester population is used as the male which can be stored pollen. If the tester line or population is female', N'TBP ', 1, 1, 1, '2016-10-10 14:39:13.187', 3);
INSERT INTO cm.breedingMethod (id, name, description, code, cropId, typeId, statusId, createdOn, createdBy) VALUES (21, N'COMPLEX CROSS            ', N'Cross between two three-way or more complex crosses among pure lines, thus both sides are segregating for both gametes and genotypes. A different entry is required in the germplasm table for each enti', N'CCX ', 1, 1, 1, '2016-10-10 14:39:13.187', 3);
INSERT INTO cm.breedingMethod (id, name, description, code, cropId, typeId, statusId, createdOn, createdBy) VALUES (22, N'CONVERGENT CROSS         ', N'Series of single crosses, each cross then combined into double crosses,  each of these then crossed etc.                                                                                                ', N'PCC ', 1, 1, 1, '2016-10-10 14:39:13.187', 3);
INSERT INTO cm.breedingMethod (id, name, description, code, cropId, typeId, statusId, createdOn, createdBy) VALUES (23, N'CROSS, CYTOPLASM  UNKNOWN', N'Cross between two plants, unknown  which is female                                                                                                                                                      ', N'CCU ', 1, 1, 1, '2016-10-10 14:39:13.187', 3);
INSERT INTO cm.breedingMethod (id, name, description, code, cropId, typeId, statusId, createdOn, createdBy) VALUES (24, N'DOUBLE CROSS             ', N'Cross between two single crosses (usually two F1s) and hence both segregating for gametes. The comments for method 102 apply but now for both female and male sides of the cross. Again, if individual s', N'CDC ', 1, 1, 1, '2016-10-10 14:39:13.187', 3);
INSERT INTO cm.breedingMethod (id, name, description, code, cropId, typeId, statusId, createdOn, createdBy) VALUES (25, N'DOUBLE CROSS CF          ', N'Cross between two single crosses among heterozygous plants from an open pollenated population.                                                                                                          ', N'PDB ', 1, 1, 1, '2016-10-10 14:39:13.187', 3);
INSERT INTO cm.breedingMethod (id, name, description, code, cropId, typeId, statusId, createdOn, createdBy) VALUES (26, N'F1 BACKCROSS, CYTO UK CF', N'Cross of F1 to recurrent parent when the direction of the cross is unknown for storing historic pedigrees for cross fertilising species.                                                                ', N'PDU ', 1, 1, 1, '2016-10-10 14:39:13.187', 3);
INSERT INTO cm.breedingMethod (id, name, description, code, cropId, typeId, statusId, createdOn, createdBy) VALUES (27, N'F1 BACKCROSS, CYTO UK SF', N'Cross of F1 to recurrent parent when the direction of the cross is unknown for storing historic pedigrees for self fertilizing species.                                                                 ', N'BDU ', 1, 1, 1, '2016-10-10 14:39:13.187', 3);
INSERT INTO cm.breedingMethod (id, name, description, code, cropId, typeId, statusId, createdOn, createdBy) VALUES (28, N'F2 BACKCROSS, CYTO UK CF', N'Cross of F2 to recurrent parent when the direction of the cross is unknown for storing historic pedigrees for cross fertilising species.                                                                ', N'PRU ', 1, 1, 1, '2016-10-10 14:39:13.187', 3);
INSERT INTO cm.breedingMethod (id, name, description, code, cropId, typeId, statusId, createdOn, createdBy) VALUES (29, N'F2 BACKCROSS, CYTO UK SF', N'Cross of F2 to recurrent parent when the direction of the cross is unknown for storing historic pedigrees for self fertilizing species.                                                                 ', N'BRU ', 1, 1, 1, '2016-10-10 14:39:13.187', 3);
INSERT INTO cm.breedingMethod (id, name, description, code, cropId, typeId, statusId, createdOn, createdBy) VALUES (30, N'FEMALE COMPLEX TOP CROSS ', N'Cross between a female inbred line and a three-way or more complex cross among inbred lines, thus the male is segregating for genotypes as well as gametes. A consequence of the genotypic segregation i', N'CFT ', 1, 1, 1, '2016-10-10 14:39:13.187', 3);
INSERT INTO cm.breedingMethod (id, name, description, code, cropId, typeId, statusId, createdOn, createdBy) VALUES (31, N'FULL DIALLEL CROSS       ', N'Each parent mated to all others, including all reciprocals but not selfs, usually not in isolation and all full sib and reciprocal families kept separate.                                              ', N'PFD ', 1, 1, 1, '2016-10-10 14:39:13.187', 3);
INSERT INTO cm.breedingMethod (id, name, description, code, cropId, typeId, statusId, createdOn, createdBy) VALUES (32, N'FULL DIALLEL CROSS BULKED', N'Each parent mated to all others, including all reciprocals but not selfs, usually not in isolation and all seed bulked.                                                                                 ', N'PFB ', 1, 1, 1, '2016-10-10 14:39:13.187', 3);
INSERT INTO cm.breedingMethod (id, name, description, code, cropId, typeId, statusId, createdOn, createdBy) VALUES (33, N'HALF DIALLEL CROSS       ', N'Each parent mated to all others, no selfs and  reciprocals not recorded, usually not in isolation and full sib families kept separate.                                                                  ', N'PHD ', 1, 1, 1, '2016-10-10 14:39:13.187', 3);
INSERT INTO cm.breedingMethod (id, name, description, code, cropId, typeId, statusId, createdOn, createdBy) VALUES (34, N'HALF DIALLEL CROSS BULKED', N'Each parent mated to all others, no selfs and  reciprocals not recorded, usually not in isolation and all seed bulked.                                                                                  ', N'PHB ', 1, 1, 1, '2016-10-10 14:39:13.187', 3);
INSERT INTO cm.breedingMethod (id, name, description, code, cropId, typeId, statusId, createdOn, createdBy) VALUES (35, N'HAPLOID CF               ', N'Individual with chromosome content of reduced gamete. Often formed by female progenitors crossed with a haploid inducer.                                                                                ', N'OHA ', 1, 1, 1, '2016-10-10 14:39:13.187', 3);
INSERT INTO cm.breedingMethod (id, name, description, code, cropId, typeId, statusId, createdOn, createdBy) VALUES (36, N'HAPLOID SF               ', N'Individual with chromosome content of reduced gamete. Often formed by female progenitors crossed with a haploid inducer.                                                                                ', N'HAP ', 1, 1, 1, '2016-10-10 14:39:13.187', 3);
INSERT INTO cm.breedingMethod (id, name, description, code, cropId, typeId, statusId, createdOn, createdBy) VALUES (37, N'INDUCED MUTATION POP CF', N'A population derived from inducing mutation in a population of heterozygous plants.                                                                                                                     ', N'OMP ', 1, 1, 1, '2016-10-10 14:39:13.187', 3);
INSERT INTO cm.breedingMethod (id, name, description, code, cropId, typeId, statusId, createdOn, createdBy) VALUES (38, N'INDUCED MUTATION POP SF', N'A population derived from inducing mutation in a inbred line.                                                                                                                                           ', N'MIP ', 1, 1, 1, '2016-10-10 14:39:13.187', 3);
INSERT INTO cm.breedingMethod (id, name, description, code, cropId, typeId, statusId, createdOn, createdBy) VALUES (39, N'INTERSPECIFIC CROSS      ', N'Cross between two species. The problem with making this a separate method is that the species cross could be made by any of the previous (101-108) or following (110-113) methods.                      ', N'CIS ', 1, 1, 1, '2016-10-10 14:39:13.187', 3);
INSERT INTO cm.breedingMethod (id, name, description, code, cropId, typeId, statusId, createdOn, createdBy) VALUES (40, N'INTERSPECIFIC CROSS CF   ', N'Cross between two species.                                                                                                                                                                              ', N'PIS ', 1, 1, 1, '2016-10-10 14:39:13.187', 3);
INSERT INTO cm.breedingMethod (id, name, description, code, cropId, typeId, statusId, createdOn, createdBy) VALUES (41, N'MALE COMPLEX TOP CROSS   ', N'Cross between a male inbred line and a three-way or more complex cross among inbred lines, thus the female is segregating for genotypes as well as gametes.  The same genetic consequences occur as for ', N'CMT ', 1, 1, 1, '2016-10-10 14:39:13.187', 3);
INSERT INTO cm.breedingMethod (id, name, description, code, cropId, typeId, statusId, createdOn, createdBy) VALUES (42, N'NARROW BASED TESTER, LINE', N'Test (Top) cross between a known plant and a narrow based (1 or few plants)  population. For practical reasons the tester population or line is used as the male which can be stored pollen. If the test', N'TNL ', 1, 1, 1, '2016-10-10 14:39:13.187', 3);
INSERT INTO cm.breedingMethod (id, name, description, code, cropId, typeId, statusId, createdOn, createdBy) VALUES (43, N'NARROW BASED TESTER, POP ', N'Test (Top) cross between a known population and a narrow based tester  population.. For practical reasons the tester population or line is used as the male which can be stored pollen. If the tester li', N'TNP ', 1, 1, 1, '2016-10-10 14:39:13.187', 3);
INSERT INTO cm.breedingMethod (id, name, description, code, cropId, typeId, statusId, createdOn, createdBy) VALUES (44, N'NATURAL MUTATION CF      ', N'A recognised naturally occurring  mutation from a population of heterozygous plants.                                                                                                                    ', N'OMU ', 1, 1, 1, '2016-10-10 14:39:13.187', 3);
INSERT INTO cm.breedingMethod (id, name, description, code, cropId, typeId, statusId, createdOn, createdBy) VALUES (45, N'NATURAL VARIANT SF       ', N'A recognised naturally occurring variant in a self fertilising population.                                                                                                                              ', N'MUN ', 1, 1, 1, '2016-10-10 14:39:13.187', 3);
INSERT INTO cm.breedingMethod (id, name, description, code, cropId, typeId, statusId, createdOn, createdBy) VALUES (46, N'OPEN POLLINATION CF      ', N'Open pollination of an unselected set of individuals in isolation and all seed bulked.                                                                                                                  ', N'PPO ', 1, 1, 1, '2016-10-10 14:39:13.187', 3);
INSERT INTO cm.breedingMethod (id, name, description, code, cropId, typeId, statusId, createdOn, createdBy) VALUES (47, N'PARTIAL DIALLEL CROSS    ', N'Each parent mated to some but not all other parents in a pattern, no selfs, usually not in isolation and full sib families kept separate.                                                               ', N'PPD ', 1, 1, 1, '2016-10-10 14:39:13.187', 3);
INSERT INTO cm.breedingMethod (id, name, description, code, cropId, typeId, statusId, createdOn, createdBy) VALUES (48, N'PARTIAL DIALLEL CROSS BUL', N'Each parent mated to some but not all other parents in a pattern, no selfs, usually not in isolation and all seed bulked.                                                                               ', N'PPB ', 1, 1, 1, '2016-10-10 14:39:13.187', 3);
INSERT INTO cm.breedingMethod (id, name, description, code, cropId, typeId, statusId, createdOn, createdBy) VALUES (49, N'PARTIAL PLUS DIALLEL CROS', N'The full mating requires more than one year and partial and diallel crosses are combined in different years.                                                                                            ', N'PDC ', 1, 1, 1, '2016-10-10 14:39:13.187', 3);
INSERT INTO cm.breedingMethod (id, name, description, code, cropId, typeId, statusId, createdOn, createdBy) VALUES (50, N'POLYCROSS CF             ', N'Open pollination of a selected set of individuals in isolation and half-sib families kept separate.                                                                                                     ', N'POC ', 1, 1, 1, '2016-10-10 14:39:13.187', 3);
INSERT INTO cm.breedingMethod (id, name, description, code, cropId, typeId, statusId, createdOn, createdBy) VALUES (51, N'POPULATION BACKCROSS     ', N'Backcross to introgress a gene into a population.                                                                                                                                                       ', N'PBC ', 1, 1, 1, '2016-10-10 14:39:13.187', 3);
INSERT INTO cm.breedingMethod (id, name, description, code, cropId, typeId, statusId, createdOn, createdBy) VALUES (52, N'POPULATION CROSS CF      ', N'Cross between two populations.                                                                                                                                                                          ', N'PCR ', 1, 1, 1, '2016-10-10 14:39:13.187', 3);
INSERT INTO cm.breedingMethod (id, name, description, code, cropId, typeId, statusId, createdOn, createdBy) VALUES (53, N'POPULATION CROSS, CYTOPLA', N'Cross between two populations, unknown which is female                                                                                                                                                  ', N'PCU ', 1, 1, 1, '2016-10-10 14:39:13.187', 3);
INSERT INTO cm.breedingMethod (id, name, description, code, cropId, typeId, statusId, createdOn, createdBy) VALUES (54, N'RANDOM MATING CF         ', N'Open pollination of a selected set of individuals in isolation and all seed bulked.                                                                                                                     ', N'PRM ', 1, 1, 1, '2016-10-10 14:39:13.187', 3);
INSERT INTO cm.breedingMethod (id, name, description, code, cropId, typeId, statusId, createdOn, createdBy) VALUES (55, N'RANDOM MATING SF         ', N'Open pollenation in a self fertilised species achieved through male emasculation.                                                                                                                       ', N'CRM ', 1, 1, 1, '2016-10-10 14:39:13.187', 3);
INSERT INTO cm.breedingMethod (id, name, description, code, cropId, typeId, statusId, createdOn, createdBy) VALUES (56, N'RANDOM POLLEN CROSS CF   ', N'A random bulk of stored pollen from some population used to pollinate a female population or plant.                                                                                                     ', N'PRP ', 1, 1, 1, '2016-10-10 14:39:13.187', 3);
INSERT INTO cm.breedingMethod (id, name, description, code, cropId, typeId, statusId, createdOn, createdBy) VALUES (57, N'RANDOM POLLEN CROSS SF   ', N'A random bulk of pollen from some population used to pollinate a female pure line. Male is then a population and will be recorded  as a single entity.                                                  ', N'CRP ', 1, 1, 1, '2016-10-10 14:39:13.187', 3);
INSERT INTO cm.breedingMethod (id, name, description, code, cropId, typeId, statusId, createdOn, createdBy) VALUES (58, N'RECESSIVE BACKCROSS      ', N'Backcross to recover a recessive gene. As this requires a self fertilisation (derivative method) in the process some ICIS administrators may distinguish this as a separate method. A different entry is', N'RBC ', 1, 1, 1, '2016-10-10 14:39:13.187', 3);
INSERT INTO cm.breedingMethod (id, name, description, code, cropId, typeId, statusId, createdOn, createdBy) VALUES (59, N'RECESSIVE POPULATION BACK', N'Backcross to introgress a recessive gene into a population.                                                                                                                                             ', N'PBR ', 1, 1, 1, '2016-10-10 14:39:13.187', 3);
INSERT INTO cm.breedingMethod (id, name, description, code, cropId, typeId, statusId, createdOn, createdBy) VALUES (60, N'SELECTED POLLEN CROSS CF ', N'A bulk of stored  pollen from a selected set of males used to pollinate a female population or plant.                                                                                                   ', N'PSP ', 1, 1, 1, '2016-10-10 14:39:13.187', 3);
INSERT INTO cm.breedingMethod (id, name, description, code, cropId, typeId, statusId, createdOn, createdBy) VALUES (61, N'SELECTED POLLEN CROSS SF ', N'A bulk of pollen from a selected set of males used to pollinate a female inbred line.                                                                                                                   ', N'CSP ', 1, 1, 1, '2016-10-10 14:39:13.187', 3);
INSERT INTO cm.breedingMethod (id, name, description, code, cropId, typeId, statusId, createdOn, createdBy) VALUES (62, N'SELFING                  ', N'Selfing a single plant or population.                                                                                                                                                                   ', N'SLF ', 1, 1, 1, '2016-10-10 14:39:13.187', 3);
INSERT INTO cm.breedingMethod (id, name, description, code, cropId, typeId, statusId, createdOn, createdBy) VALUES (63, N'SINGLE CROSS             ', N'Cross between two single plants. If both parents are fixed (pure) inbred lines there will be no segregation for gametes or genotypes and theoretically all crosses will result in the same genetic outco', N'C2W ', 1, 1, 1, '2016-10-10 14:39:13.187', 3);
INSERT INTO cm.breedingMethod (id, name, description, code, cropId, typeId, statusId, createdOn, createdBy) VALUES (64, N'SINGLE CROSS CF          ', N'Cross between two single heterozygous plants derived from an open pollenated population.                                                                                                                ', N'P2W ', 1, 1, 1, '2016-10-10 14:39:13.187', 3);
INSERT INTO cm.breedingMethod (id, name, description, code, cropId, typeId, statusId, createdOn, createdBy) VALUES (65, N'SOMOCLONE CF             ', N'Variation induced through tissue culture of heterozygous plants.                                                                                                                                        ', N'OSC ', 1, 1, 1, '2016-10-10 14:39:13.187', 3);
INSERT INTO cm.breedingMethod (id, name, description, code, cropId, typeId, statusId, createdOn, createdBy) VALUES (66, N'SOMOCLONE SF             ', N'Variation induced through tissue culture of a inbred line.                                                                                                                                              ', N'SCL ', 1, 1, 1, '2016-10-10 14:39:13.187', 3);
INSERT INTO cm.breedingMethod (id, name, description, code, cropId, typeId, statusId, createdOn, createdBy) VALUES (67, N'SUBSET CROSS             ', N'Parents dived into sets and bulked pollen from each set used to pollenate other sets, usually not in isolation. Self fertilisation avoided, all seed bulked.                                            ', N'PSC ', 1, 1, 1, '2016-10-10 14:39:13.187', 3);
INSERT INTO cm.breedingMethod (id, name, description, code, cropId, typeId, statusId, createdOn, createdBy) VALUES (68, N'THREE-WAY CROSS          ', N'Cross between two plants, one an inbred line and  one a single cross (usually an F1) and thus segregating for gametes. In the theoretical case, rarely achieved, the inbred line would be fixed and the ', N'C3W ', 1, 1, 1, '2016-10-10 14:39:13.187', 3);
INSERT INTO cm.breedingMethod (id, name, description, code, cropId, typeId, statusId, createdOn, createdBy) VALUES (69, N'THREE-WAY CROSS CF       ', N'Cross between a plant and a single cross of heterozygous plants from an open pollenated population.                                                                                                     ', N'P3W ', 1, 1, 1, '2016-10-10 14:39:13.187', 3);
INSERT INTO cm.breedingMethod (id, name, description, code, cropId, typeId, statusId, createdOn, createdBy) VALUES (70, N'TRANSGENIC CYTOPLASM CF  ', N'Individual derived from genetic transformation of a cytoplasm inclusion (eg chloroplast)  in a cross fertilising species. This is only done in an inbred line.                                          ', N'OTC ', 1, 1, 1, '2016-10-10 14:39:13.187', 3);
INSERT INTO cm.breedingMethod (id, name, description, code, cropId, typeId, statusId, createdOn, createdBy) VALUES (71, N'TRANSGENIC CYTOPLASM SF  ', N'Individual derived from genetic transformation of a cytoplasm inclusion (eg chloroplast) in a self fertilising species.                                                                                 ', N'TRC ', 1, 1, 1, '2016-10-10 14:39:13.187', 3);
INSERT INTO cm.breedingMethod (id, name, description, code, cropId, typeId, statusId, createdOn, createdBy) VALUES (72, N'TRANSGENIC NUCLEUS CF    ', N'Individual derived from genetic transformation of the nucleus in a cross fertilising species. This is only done in an inbred line.                                                                      ', N'OTN ', 1, 1, 1, '2016-10-10 14:39:13.187', 3);
INSERT INTO cm.breedingMethod (id, name, description, code, cropId, typeId, statusId, createdOn, createdBy) VALUES (73, N'TRANSGENIC NUCLEUS SF    ', N'Individual derived from genetic transformation of the nucleus in a self fertilising species.                                                                                                            ', N'TRN ', 1, 1, 1, '2016-10-10 14:39:13.187', 3);
INSERT INTO cm.breedingMethod (id, name, description, code, cropId, typeId, statusId, createdOn, createdBy) VALUES (74, N'UNKNOWN GEN METHOD CF', N'Unknown generative method for storing historic pedigrees for cross fertilising species.                                                                                                                 ', N'PGM ', 1, 1, 1, '2016-10-10 14:39:13.187', 3);
INSERT INTO cm.breedingMethod (id, name, description, code, cropId, typeId, statusId, createdOn, createdBy) VALUES (75, N'UNKNOWN GEN METHOD CP', N'Unknown generative method for storing historic pedigrees for clonally propagated species.                                                                                                               ', N'CGM ', 1, 1, 1, '2016-10-10 14:39:13.187', 3);
INSERT INTO cm.breedingMethod (id, name, description, code, cropId, typeId, statusId, createdOn, createdBy) VALUES (76, N'UNKNOWN GEN METHOD SF', N'Unknown generative method for storing historic pedigrees for self fertilizing species.                                                                                                                  ', N'UGM ', 1, 1, 1, '2016-10-10 14:39:13.187', 3);
INSERT INTO cm.breedingMethod (id, name, description, code, cropId, typeId, statusId, createdOn, createdBy) VALUES (77, N'COLLECTION LINE  SF      ', N'Acquisition only. When the an accession derives from a single plant in a Collection  Population.                                                                                                        ', N'ACL ', 1, 2, 1, '2016-10-10 14:39:13.187', 3);
INSERT INTO cm.breedingMethod (id, name, description, code, cropId, typeId, statusId, createdOn, createdBy) VALUES (78, N'COLLECTION POPULATION CF ', N'Acquisition only. An accession of a population of a cultivated cross  fertilising species not from farmers fields.                                                                                      ', N'BCP ', 1, 2, 1, '2016-10-10 14:39:13.187', 3);
INSERT INTO cm.breedingMethod (id, name, description, code, cropId, typeId, statusId, createdOn, createdBy) VALUES (79, N'COLLECTION POPULATION SF ', N'Acquisition only. An accession of a population of a cultivated self fertilising species not from farmers fields.                                                                                        ', N'ACP ', 1, 2, 1, '2016-10-10 14:39:13.187', 3);
INSERT INTO cm.breedingMethod (id, name, description, code, cropId, typeId, statusId, createdOn, createdBy) VALUES (80, N'COLLECTION WEEDY SPP P CF', N'Acquisition only An accession of a cross  fertilising species which is a weed (because of the result of a hybrid between the cultivated and a wild species of  the crop) .                              ', N'BWL ', 1, 2, 1, '2016-10-10 14:39:13.187', 3);
INSERT INTO cm.breedingMethod (id, name, description, code, cropId, typeId, statusId, createdOn, createdBy) VALUES (81, N'COLLECTION WEEDY SPP P SF', N'Acquisition only. An accession of a  self fertilising species which is a weed (because of the result of a hybrid between the cultivated and a wild species of  the crop).                               ', N'AWL ', 1, 2, 1, '2016-10-10 14:39:13.187', 3);
INSERT INTO cm.breedingMethod (id, name, description, code, cropId, typeId, statusId, createdOn, createdBy) VALUES (82, N'COLLECTION WILD SPP LINE ', N'Acquisition only. When the accession derives from a single plant from a wild collection.                                                                                                                ', N'AWC ', 1, 2, 1, '2016-10-10 14:39:13.187', 3);
INSERT INTO cm.breedingMethod (id, name, description, code, cropId, typeId, statusId, createdOn, createdBy) VALUES (83, N'COLLECTION WILD SPP LINE ', N'Acquisition only. When the accession derives from a single plant in a collection of weedy species.                                                                                                      ', N'AWS ', 1, 2, 1, '2016-10-10 14:39:13.187', 3);
INSERT INTO cm.breedingMethod (id, name, description, code, cropId, typeId, statusId, createdOn, createdBy) VALUES (84, N'COLLECTION WILD SPP P CF', N'Acquisition only. An accession of a cross fertilising species.                                                                                                                                          ', N'BWS ', 1, 2, 1, '2016-10-10 14:39:13.187', 3);
INSERT INTO cm.breedingMethod (id, name, description, code, cropId, typeId, statusId, createdOn, createdBy) VALUES (85, N'COLLECTION WILD SPP P SF', N'Acquisition only. An accession of a  self fertilising species.                                                                                                                                          ', N'AWS2', 1, 2, 1, '2016-10-10 14:39:13.187', 3);
INSERT INTO cm.breedingMethod (id, name, description, code, cropId, typeId, statusId, createdOn, createdBy) VALUES (86, N'DOUBLE  HAPLOID LINE     ', N'Individual produced by doubling haploid individual usually by anther culture in a self fertilised crop.                                                                                                 ', N'DDH ', 1, 2, 1, '2016-10-10 14:39:13.187', 3);
INSERT INTO cm.breedingMethod (id, name, description, code, cropId, typeId, statusId, createdOn, createdBy) VALUES (87, N'DOUBLE  HAPLOID POP      ', N'Population produced by doubling haploid individuals.                                                                                                                                                    ', N'DHP ', 1, 2, 1, '2016-10-10 14:39:13.187', 3);
INSERT INTO cm.breedingMethod (id, name, description, code, cropId, typeId, statusId, createdOn, createdBy) VALUES (88, N'FULL MASS SELECTION      ', N'Production of next generation by selecting before pollination, selecting on both male and female sides.                                                                                                 ', N'FMS ', 1, 2, 1, '2016-10-10 14:39:13.187', 3);
INSERT INTO cm.breedingMethod (id, name, description, code, cropId, typeId, statusId, createdOn, createdBy) VALUES (89, N'GROUPS                   ', N'Groups                                                                                                                                                                                                  ', N'GRP ', 1, 2, 1, '2016-10-10 14:39:13.187', 3);
INSERT INTO cm.breedingMethod (id, name, description, code, cropId, typeId, statusId, createdOn, createdBy) VALUES (90, N'HALF MASS SELECTION      ', N'Production of next generation by selecting after pollination; selection on female side only.                                                                                                            ', N'HMS ', 1, 2, 1, '2016-10-10 14:39:13.187', 3);
INSERT INTO cm.breedingMethod (id, name, description, code, cropId, typeId, statusId, createdOn, createdBy) VALUES (91, N'INDUCED MUTATION LINE    ', N'A recognised mutation selected from an induced mutation in a line of a self fertilised species.                                                                                                         ', N'MIL ', 1, 2, 1, '2016-10-10 14:39:13.187', 3);
INSERT INTO cm.breedingMethod (id, name, description, code, cropId, typeId, statusId, createdOn, createdBy) VALUES (92, N'LANDRACE CULTIVAR CF     ', N'Acquisition only. A Landrace Cultivar Accession of a cross fertilised species. Accession of a long term cultivar, not bred or maintained by modern breeding methods. This would usually be less heteroge', N'BLC ', 1, 2, 1, '2016-10-10 14:39:13.187', 3);
INSERT INTO cm.breedingMethod (id, name, description, code, cropId, typeId, statusId, createdOn, createdBy) VALUES (93, N'LANDRACE CULTIVAR SF     ', N'Acquisition only. A Landrace Cultivar Accession of a self fertilised species. Accession of a long term cultivar, not bred or maintained by modern breeding methods. This would usually be less heterogen', N'ALC ', 1, 2, 1, '2016-10-10 14:39:13.187', 3);
INSERT INTO cm.breedingMethod (id, name, description, code, cropId, typeId, statusId, createdOn, createdBy) VALUES (94, N'LANDRACE LINE SF         ', N'Acquisition only. When the accession derives from a single plant in the Landrace Population.                                                                                                            ', N'ALL ', 1, 2, 1, '2016-10-10 14:39:13.187', 3);
INSERT INTO cm.breedingMethod (id, name, description, code, cropId, typeId, statusId, createdOn, createdBy) VALUES (95, N'LANDRACE POPULATION CF   ', N'Acquisition only. A Landrace Accession of a cross fertilised species. This population will consist of a heterogenous mixture of heterozygous genotypes. This should be reserved for the acquisition of t', N'BLP ', 1, 2, 1, '2016-10-10 14:39:13.187', 3);
INSERT INTO cm.breedingMethod (id, name, description, code, cropId, typeId, statusId, createdOn, createdBy) VALUES (96, N'LANDRACE POPULATION SF   ', N'Acquisition only. A Landrace Accession of a self fertilised species. This population will consist of a heterogenous mixture of homogenous genotypes. This and the following eight methods should be rese', N'ALP2', 1, 2, 1, '2016-10-10 14:39:13.187', 3);
INSERT INTO cm.breedingMethod (id, name, description, code, cropId, typeId, statusId, createdOn, createdBy) VALUES (97, N'PLANT IDENTIFICATION     ', N'Identifying and naming a plant or population.                                                                                                                                                           ', N'IDN ', 1, 2, 1, '2016-10-10 14:39:13.187', 3);
INSERT INTO cm.breedingMethod (id, name, description, code, cropId, typeId, statusId, createdOn, createdBy) VALUES (98, N'POOLS                    ', N'Pools                                                                                                                                                                                                   ', N'PLS ', 1, 2, 1, '2016-10-10 14:39:13.187', 3);
INSERT INTO cm.breedingMethod (id, name, description, code, cropId, typeId, statusId, createdOn, createdBy) VALUES (99, N'PURIFICATION             ', N'Selection of one or a few plants from an inbred line or pure line cultivar.                                                                                                                             ', N'DPR ', 1, 2, 1, '2016-10-10 14:39:13.187', 3);
INSERT INTO cm.breedingMethod (id, name, description, code, cropId, typeId, statusId, createdOn, createdBy) VALUES (100, N'RANDOM BULK CF           ', N'Production of next generation by random mating.                                                                                                                                                         ', N'DRP ', 1, 2, 1, '2016-10-10 14:39:13.187', 3);

INSERT INTO cm.breedingMethod (id, name, description, code, cropId, typeId, statusId, createdOn, createdBy) VALUES (101, N'RANDOM BULK SF           ', N'Derivation through bulking seed from a random selection  of single plants from a self fertilising population.                                                                                           ', N'DRB ', 1, 2, 1, '2016-10-10 14:39:13.187', 3);
INSERT INTO cm.breedingMethod (id, name, description, code, cropId, typeId, statusId, createdOn, createdBy) VALUES (102, N'RESTORER SELECTION       ', N'Restorer Lines selected at the end of a program to back cross a gene which restores male fertility to lines carrying a Male Sterile Cytoplasm (CMS).                                                    ', N'DRS ', 1, 2, 1, '2016-10-10 14:39:13.187', 3);
INSERT INTO cm.breedingMethod (id, name, description, code, cropId, typeId, statusId, createdOn, createdBy) VALUES (103, N'RESTORER SELECTION       ', N'Restorer Lines selected at the end of a program to back cross a gene which restores male fertility to lines carrying a Male Sterile Cytoplasm (CMS).                                                    ', N'PRS ', 1, 2, 1, '2016-10-10 14:39:13.187', 3);
INSERT INTO cm.breedingMethod (id, name, description, code, cropId, typeId, statusId, createdOn, createdBy) VALUES (104, N'ROUGING CF               ', N'Eliminating off types from an open pollinated variety. Equivalent to a light mass selection.                                                                                                            ', N'DRP2', 1, 2, 1, '2016-10-10 14:39:13.187', 3);
INSERT INTO cm.breedingMethod (id, name, description, code, cropId, typeId, statusId, createdOn, createdBy) VALUES (105, N'ROUGING SF               ', N'Eliminating off types from a inbred line or pure line cultivar.                                                                                                                                         ', N'DRU ', 1, 2, 1, '2016-10-10 14:39:13.187', 3);
INSERT INTO cm.breedingMethod (id, name, description, code, cropId, typeId, statusId, createdOn, createdBy) VALUES (106, N'SELECTED BULK SF         ', N'Derivation through bulking seed from a selected set  of single plants from a self fertilising population.                                                                                               ', N'DSB ', 1, 2, 1, '2016-10-10 14:39:13.187', 3);
INSERT INTO cm.breedingMethod (id, name, description, code, cropId, typeId, statusId, createdOn, createdBy) VALUES (107, N'SELECTION FOR INDUCED MUT', N'Selection in a population for a mutation.                                                                                                                                                               ', N'MIP2', 1, 2, 1, '2016-10-10 14:39:13.187', 3);
INSERT INTO cm.breedingMethod (id, name, description, code, cropId, typeId, statusId, createdOn, createdBy) VALUES (108, N'SINGLE PLANT SELECTION CF', N'Selection of a single plant, inflorescence, fruit or seed from a cross fertilising population. When this selection is done after selfing the population used the method  (205) described for inbreeding ', N'DSO ', 1, 2, 1, '2016-10-10 14:39:13.187', 3);
INSERT INTO cm.breedingMethod (id, name, description, code, cropId, typeId, statusId, createdOn, createdBy) VALUES (109, N'SINGLE PLANT SELECTION SF', N'Derivation through selection of a single plant, inflorescence, fruit or seed from a self fertilising population.                                                                                        ', N'DSP ', 1, 2, 1, '2016-10-10 14:39:13.187', 3);
INSERT INTO cm.breedingMethod (id, name, description, code, cropId, typeId, statusId, createdOn, createdBy) VALUES (110, N'SINGLE SEED DESCENT CF   ', N'The production of a single individual  without selection from selfing individuals in an cross fertilised species. This is the same procedure (208) used in self fertilising species.                    ', N'DSP2', 1, 2, 1, '2016-10-10 14:39:13.187', 3);
INSERT INTO cm.breedingMethod (id, name, description, code, cropId, typeId, statusId, createdOn, createdBy) VALUES (111, N'SINGLE SEED DESCENT SF   ', N'Derived through the production of a single individual without selection from each individual in a segregating population.                                                                               ', N'DSD ', 1, 2, 1, '2016-10-10 14:39:13.187', 3);
INSERT INTO cm.breedingMethod (id, name, description, code, cropId, typeId, statusId, createdOn, createdBy) VALUES (112, N'UNKNOWN DER METHOD CF', N'Unknown derivative method in cross fertilised species: for storing historic pedigrees                                                                                                                   ', N'PDM ', 1, 2, 1, '2016-10-10 14:39:13.187', 3);
INSERT INTO cm.breedingMethod (id, name, description, code, cropId, typeId, statusId, createdOn, createdBy) VALUES (113, N'UNKNOWN DER METHOD CP', N'Unknown derivative method in clonally propagated species: for storing historic pedigrees                                                                                                                ', N'CDM ', 1, 2, 1, '2016-10-10 14:39:13.187', 3);
INSERT INTO cm.breedingMethod (id, name, description, code, cropId, typeId, statusId, createdOn, createdBy) VALUES (114, N'UNKNOWN DER METHOD SF', N'Unknown derivative method in self fertilising species: for storing historic pedigrees                                                                                                                   ', N'UDM ', 1, 2, 1, '2016-10-10 14:39:13.187', 3);
INSERT INTO cm.breedingMethod (id, name, description, code, cropId, typeId, statusId, createdOn, createdBy) VALUES (115, N'BREEDERS SEED CF         ', N'Producing Breeders Seed. Pure seed  produced by breeder (usually some kept by breeder)  in a cross fertilising crop.                                                                                    ', N'WBS ', 1, 3, 1, '2016-10-10 14:39:13.187', 3);
INSERT INTO cm.breedingMethod (id, name, description, code, cropId, typeId, statusId, createdOn, createdBy) VALUES (116, N'BREEDERS SEED SF         ', N'Producing Breeders Seed. Pure seed  produced by breeder (usually some kept by breeder)  in a self fertilising crop.                                                                                     ', N'VBS ', 1, 3, 1, '2016-10-10 14:39:13.187', 3);
INSERT INTO cm.breedingMethod (id, name, description, code, cropId, typeId, statusId, createdOn, createdBy) VALUES (117, N'CERTIFIED SEED           ', N'Producing Certified Seed. Pure seed produced under supervision by Government Protocols.                                                                                                                 ', N'VCS ', 1, 3, 1, '2016-10-10 14:39:13.187', 3);
INSERT INTO cm.breedingMethod (id, name, description, code, cropId, typeId, statusId, createdOn, createdBy) VALUES (118, N'CERTIFIED SEED           ', N'Producing Certified Seed. Pure seed produced under supervision by Government Protocols.                                                                                                                 ', N'WCS ', 1, 3, 1, '2016-10-10 14:39:13.187', 3);
INSERT INTO cm.breedingMethod (id, name, description, code, cropId, typeId, statusId, createdOn, createdBy) VALUES (119, N'CLONE FORMATION          ', N'Formation of a clone as a cultivar.                                                                                                                                                                     ', N'VCF ', 1, 3, 1, '2016-10-10 14:39:13.187', 3);
INSERT INTO cm.breedingMethod (id, name, description, code, cropId, typeId, statusId, createdOn, createdBy) VALUES (120, N'CLONE INCREASE REGENERATI', N'Regenerate the clone from tissue culture.                                                                                                                                                               ', N'NCR ', 1, 3, 1, '2016-10-10 14:39:13.187', 3);
INSERT INTO cm.breedingMethod (id, name, description, code, cropId, typeId, statusId, createdOn, createdBy) VALUES (121, N'CLONE INCREASE TISSUE CUL', N'Propagate the clone via tissue culture.                                                                                                                                                                 ', N'NCT ', 1, 3, 1, '2016-10-10 14:39:13.187', 3);
INSERT INTO cm.breedingMethod (id, name, description, code, cropId, typeId, statusId, createdOn, createdBy) VALUES (122, N'CLONE INCREASE TRADITIONA', N'Propagate the clone via the normal vegetative material.                                                                                                                                                 ', N'NCI ', 1, 3, 1, '2016-10-10 14:39:13.187', 3);
INSERT INTO cm.breedingMethod (id, name, description, code, cropId, typeId, statusId, createdOn, createdBy) VALUES (123, N'CLONE MAINTAINED FIELD   ', N'Clone maintained in a germplasm garden in the field in the traditional manner.                                                                                                                          ', N'SCF ', 1, 3, 1, '2016-10-10 14:39:13.187', 3);
INSERT INTO cm.breedingMethod (id, name, description, code, cropId, typeId, statusId, createdOn, createdBy) VALUES (124, N'CLONE MAINTAINED TISSUE C', N'Clone maintained as a tissue culture.                                                                                                                                                                   ', N'SCT ', 1, 3, 1, '2016-10-10 14:39:13.187', 3);
INSERT INTO cm.breedingMethod (id, name, description, code, cropId, typeId, statusId, createdOn, createdBy) VALUES (125, N'CULTIVAR RELEASE         ', N'Release a cultivar                                                                                                                                                                                      ', N'VCR ', 1, 3, 1, '2016-10-10 14:39:13.187', 3);
INSERT INTO cm.breedingMethod (id, name, description, code, cropId, typeId, statusId, createdOn, createdBy) VALUES (126, N'CULTIVAR RELEASE         ', N'Release a cultivar                                                                                                                                                                                      ', N'WCR ', 1, 3, 1, '2016-10-10 14:39:13.187', 3);
INSERT INTO cm.breedingMethod (id, name, description, code, cropId, typeId, statusId, createdOn, createdBy) VALUES (127, N'FOUNDATION SEED CF       ', N'Producing Foundation Seed. Pure seed derived from Breeders Seed (usually kept by seed producing organisation) in a cross fertilising crop.                                                              ', N'WFS ', 1, 3, 1, '2016-10-10 14:39:13.187', 3);
INSERT INTO cm.breedingMethod (id, name, description, code, cropId, typeId, statusId, createdOn, createdBy) VALUES (128, N'FOUNDATION SEED SF       ', N'Producing Foundation Seed. Pure seed derived from Breeders seed (usually kept by seed producing organisation) in a self fertilising crop.                                                               ', N'VFS ', 1, 3, 1, '2016-10-10 14:39:13.187', 3);
INSERT INTO cm.breedingMethod (id, name, description, code, cropId, typeId, statusId, createdOn, createdBy) VALUES (129, N'HYBRID FORMATION CF      ', N'Forming a hybrid CV in a cross fertilising crop.                                                                                                                                                        ', N'WHY ', 1, 3, 1, '2016-10-10 14:39:13.187', 3);
INSERT INTO cm.breedingMethod (id, name, description, code, cropId, typeId, statusId, createdOn, createdBy) VALUES (130, N'HYBRID FORMATION SF      ', N'Forming a hybrid CV in a self fertilising crop.                                                                                                                                                         ', N'VHY ', 1, 3, 1, '2016-10-10 14:39:13.187', 3);
INSERT INTO cm.breedingMethod (id, name, description, code, cropId, typeId, statusId, createdOn, createdBy) VALUES (131, N'IMPORT                   ', N'Import seed, clones or tissue culture of a cultivar, line, population or accession.                                                                                                                     ', N'ISE ', 1, 3, 1, '2016-10-10 14:39:13.187', 3);
INSERT INTO cm.breedingMethod (id, name, description, code, cropId, typeId, statusId, createdOn, createdBy) VALUES (132, N'MULTI-LINE FORMATION SF  ', N'Forming a multi-line CV in a self fertilising crop                                                                                                                                                      ', N'VML ', 1, 3, 1, '2016-10-10 14:39:13.187', 3);
INSERT INTO cm.breedingMethod (id, name, description, code, cropId, typeId, statusId, createdOn, createdBy) VALUES (133, N'PURE LINE FORMATION      ', N'Forming a pure line CV in a self fertilising species.                                                                                                                                                   ', N'VPL ', 1, 3, 1, '2016-10-10 14:39:13.187', 3);
INSERT INTO cm.breedingMethod (id, name, description, code, cropId, typeId, statusId, createdOn, createdBy) VALUES (134, N'Sample numbering         ', N'Numbering samples from a germplasm strain without generation advance                                                                                                                                    ', N'SPN ', 1, 3, 1, '2016-10-10 14:39:13.187', 3);
INSERT INTO cm.breedingMethod (id, name, description, code, cropId, typeId, statusId, createdOn, createdBy) VALUES (135, N'SEED INCREASE            ', N'Increase seed of a cultivar, line, population or accession.                                                                                                                                             ', N'NSI ', 1, 3, 1, '2016-10-10 14:39:13.187', 3);
INSERT INTO cm.breedingMethod (id, name, description, code, cropId, typeId, statusId, createdOn, createdBy) VALUES (136, N'SEED INCREASE BULK SF    ', N'Seed increase from an unselected bulk in a self fertilising species.                                                                                                                                    ', N'NBK ', 1, 3, 1, '2016-10-10 14:39:13.187', 3);
INSERT INTO cm.breedingMethod (id, name, description, code, cropId, typeId, statusId, createdOn, createdBy) VALUES (137, N'SEED INCREASE FULL DIALLE', N'Each parent mated to all others, including all reciprocals but not selfs, usually not in isolation and all seed bulked. Here the aim is to maintain a population, not recombine a set of selected famili', N'MFB ', 1, 3, 1, '2016-10-10 14:39:13.187', 3);
INSERT INTO cm.breedingMethod (id, name, description, code, cropId, typeId, statusId, createdOn, createdBy) VALUES (138, N'SEED INCREASE HALF DIALLE', N'Each parent mated to all others, no selfs and  reciprocals not recorded, usually not in isolation and all seed bulked. Here the aim is to maintain a population, not recombine a set of selected familie', N'MHB ', 1, 3, 1, '2016-10-10 14:39:13.187', 3);
INSERT INTO cm.breedingMethod (id, name, description, code, cropId, typeId, statusId, createdOn, createdBy) VALUES (139, N'SEED INCREASE MIXTURE SF ', N'Seed increase from a number of selected plants in a self fertilised species.                                                                                                                            ', N'NMX ', 1, 3, 1, '2016-10-10 14:39:13.187', 3);
INSERT INTO cm.breedingMethod (id, name, description, code, cropId, typeId, statusId, createdOn, createdBy) VALUES (140, N'SEED INCREASE OPEN POLLIN', N'Open pollination of an unselected set of individuals in isolation and all seed bulked. Here the aim is to maintain a population, not recombine a set of selected families.                              ', N'MPO ', 1, 3, 1, '2016-10-10 14:39:13.187', 3);
INSERT INTO cm.breedingMethod (id, name, description, code, cropId, typeId, statusId, createdOn, createdBy) VALUES (141, N'SEED INCREASE PARTIAL DIA', N'Each parent mated to some but not all other parents in a pattern, no selfs, usually not in isolation and all seed bulked. Here the aim is to maintain a population, not recombine a set of selected fami', N'MPB ', 1, 3, 1, '2016-10-10 14:39:13.187', 3);
INSERT INTO cm.breedingMethod (id, name, description, code, cropId, typeId, statusId, createdOn, createdBy) VALUES (142, N'SEED INCREASE PLANT SF   ', N'Seed increase from a single plant in a self fertilised species.                                                                                                                                         ', N'NSP ', 1, 3, 1, '2016-10-10 14:39:13.187', 3);
INSERT INTO cm.breedingMethod (id, name, description, code, cropId, typeId, statusId, createdOn, createdBy) VALUES (143, N'SEED INCREASE SUBSET CROS', N'Parents dived into sets and bulked pollen from each set used to pollenate other sets, usually not in isolation. Self fertilisation avoided, all seed bulked. Here the aim is to maintain a population, n', N'MSC ', 1, 3, 1, '2016-10-10 14:39:13.187', 3);
INSERT INTO cm.breedingMethod (id, name, description, code, cropId, typeId, statusId, createdOn, createdBy) VALUES (144, N'STORE SEED LONG TERM     ', N'Store seed of a cultivar, line, population or accession. Genetic drift is expected. Storage is about -18OC.                                                                                             ', N'SSL ', 1, 3, 1, '2016-10-10 14:39:13.187', 3);
INSERT INTO cm.breedingMethod (id, name, description, code, cropId, typeId, statusId, createdOn, createdBy) VALUES (145, N'STORE SEED MEDIUM TERM   ', N'Store seed of a cultivar, line, population or accession in medium term storage. Some genetic drift is expected. Storage is between 0-4OC and low RH.                                                    ', N'SSM ', 1, 3, 1, '2016-10-10 14:39:13.187', 3);
INSERT INTO cm.breedingMethod (id, name, description, code, cropId, typeId, statusId, createdOn, createdBy) VALUES (146, N'SYNTHETIC FORMATION CF   ', N'Forming a synthetic CV in a cross fertilising crop                                                                                                                                                      ', N'WML ', 1, 3, 1, '2016-10-10 14:39:13.187', 3);
;
INSERT INTO cm.organization (id, name, code, statusId, createdOn, createdBy) VALUES (0, N'Unknown org', N'UNK', 1, '2016-10-10 14:39:13.187', 1);
INSERT INTO cm.organization (id, name, code, statusId, createdOn, createdBy) VALUES (1, N'Cruzas Amplias', N'CA', 1, '2016-10-10 14:39:13.187', 1);
INSERT INTO cm.organization (id, name, code, statusId, createdOn, createdBy) VALUES (2, N'Triticales Completos', N'B', 1, '2016-10-10 14:39:13.187', 1);
INSERT INTO cm.organization (id, name, code, statusId, createdOn, createdBy) VALUES (3, N'Cross Barley', N'CB', 1, '2016-10-10 14:39:13.187', 1);
INSERT INTO cm.organization (id, name, code, statusId, createdOn, createdBy) VALUES (4, N'Cruza Duros', N'CD', 1, '2016-10-10 14:39:13.187', 1);
INSERT INTO cm.organization (id, name, code, statusId, createdOn, createdBy) VALUES (5, N'Cruza Genetica', N'CG', 1, '2016-10-10 14:39:13.187', 1);
INSERT INTO cm.organization (id, name, code, statusId, createdOn, createdBy) VALUES (6, N'Cruza Interespecifica', N'CI', 1, '2016-10-10 14:39:13.187', 1);
INSERT INTO cm.organization (id, name, code, statusId, createdOn, createdBy) VALUES (7, N'Cruza Mexicana', N'CM', 1, '2016-10-10 14:39:13.187', 1);
INSERT INTO cm.organization (id, name, code, statusId, createdOn, createdBy) VALUES (8, N'Cruza Triticale', N'CT', 1, '2016-10-10 14:39:13.187', 1);
INSERT INTO cm.organization (id, name, code, statusId, createdOn, createdBy) VALUES (9, N'Cross Winter', N'CW', 1, '2016-10-10 14:39:13.187', 1);
INSERT INTO cm.organization (id, name, code, statusId, createdOn, createdBy) VALUES (10, N'Passo Fundo. EMBRAPA Brazil', N'F', 1, '2016-10-10 14:39:13.187', 1);
INSERT INTO cm.organization (id, name, code, statusId, createdOn, createdBy) VALUES (11, N'Foliar Pathogens', N'FP', 1, '2016-10-10 14:39:13.187', 1);
INSERT INTO cm.organization (id, name, code, statusId, createdOn, createdBy) VALUES (12, N'Genetic Resources', N'GR', 1, '2016-10-10 14:39:13.187', 1);
INSERT INTO cm.organization (id, name, code, statusId, createdOn, createdBy) VALUES (13, N'Cruza Mexicana Hibridos', N'H', 1, '2016-10-10 14:39:13.187', 1);
INSERT INTO cm.organization (id, name, code, statusId, createdOn, createdBy) VALUES (14, N'Oregon Winter', N'OW', 1, '2016-10-10 14:39:13.187', 1);
INSERT INTO cm.organization (id, name, code, statusId, createdOn, createdBy) VALUES (15, N'Spring Winter', N'SW', 1, '2016-10-10 14:39:13.187', 1);
INSERT INTO cm.organization (id, name, code, statusId, createdOn, createdBy) VALUES (16, N'Trigo Chapingo', N'TC', 1, '2016-10-10 14:39:13.187', 1);
INSERT INTO cm.organization (id, name, code, statusId, createdOn, createdBy) VALUES (17, N'Winter Winter', N'WW', 1, '2016-10-10 14:39:13.187', 1);
INSERT INTO cm.organization (id, name, code, statusId, createdOn, createdBy) VALUES (18, N'Yellow Dwarf', N'YD', 1, '2016-10-10 14:39:13.187', 1);
INSERT INTO cm.organization (id, name, code, statusId, createdOn, createdBy) VALUES (19, N'Genomic Selection', N'GS', 1, '2016-10-10 14:39:13.187', 1);
INSERT INTO cm.organization (id, name, code, statusId, createdOn, createdBy) VALUES (20, N'Physiology', N'PT', 1, '2016-10-10 14:39:13.187', 1);
INSERT INTO cm.organization (id, name, code, statusId, createdOn, createdBy) VALUES (21, N'Seed Discovering', N'SD', 1, '2016-10-10 14:39:13.187', 1);
INSERT INTO cm.organization (id, name, code, statusId, createdOn, createdBy) VALUES (22, N'Septoria Cross', N'CS', 1, '2016-10-10 14:39:13.187', 1);
INSERT INTO cm.organization (id, name, code, statusId, createdOn, createdBy) VALUES (23, N'Wheat Training', N'WT', 1, '2016-10-10 14:39:13.187', 1);
INSERT INTO cm.organization (id, name, code, statusId, createdOn, createdBy) VALUES (24, N'Physiology Bank', N'PB', 1, '2016-10-10 14:39:13.187', 1);
INSERT INTO cm.organization (id, name, code, statusId, createdOn, createdBy) VALUES (25, N'Rust Diseases', N'RD', 1, '2016-10-10 14:39:13.187', 1);
INSERT INTO cm.organization (id, name, code, statusId, createdOn, createdBy) VALUES (26, N'Species', N'SP', 1, '2016-10-10 14:39:13.187', 1);
INSERT INTO cm.organization (id, name, code, statusId, createdOn, createdBy) VALUES (27, N'China Cross', N'CN', 1, '2016-10-10 14:39:13.187', 1);
INSERT INTO cm.organization (id, name, code, statusId, createdOn, createdBy) VALUES (28, N'Secale Cereales', N'SC', 1, '2016-10-10 14:39:13.187', 1);
INSERT INTO cm.organization (id, name, code, statusId, createdOn, createdBy) VALUES (29, N'Turkey', N'TR', 1, '2016-10-10 14:39:13.187', 1);
INSERT INTO cm.organization (id, name, code, statusId, createdOn, createdBy) VALUES (30, N'South America', N'SA', 1, '2016-10-10 14:39:13.187', 1);
INSERT INTO cm.organization (id, name, code, statusId, createdOn, createdBy) VALUES (31, N'Australia', N'AU', 1, '2016-10-10 14:39:13.187', 1);
INSERT INTO cm.organization (id, name, code, statusId, createdOn, createdBy) VALUES (32, N'Wheat Genetic', N'WG', 1, '2016-10-10 14:39:13.187', 1);
INSERT INTO cm.organization (id, name, code, statusId, createdOn, createdBy) VALUES (33, N'Other (Introductions)', N'OT', 1, '2016-10-10 14:39:13.187', 1);
;
INSERT INTO cm.georeferenceType (id, name, description, statusId, createdOn, createdBy) VALUES (1, N'region', N'represents a large geographical area covering many countries', 1, '2016-10-10 14:39:13.187', 1);
INSERT INTO cm.georeferenceType (id, name, description, statusId, createdOn, createdBy) VALUES (2, N'country', N'a nation of the world', 1, '2016-10-10 14:39:13.187', 1);
INSERT INTO cm.georeferenceType (id, name, description, statusId, createdOn, createdBy) VALUES (3, N'breeding location', N' place to carry out experiments. Usually defined by breeders', 1, '2016-10-10 14:39:13.187', 1);
INSERT INTO cm.georeferenceType (id, name, description, statusId, createdOn, createdBy) VALUES (4, N'Laboratory', N'A room or building with special equipment for doing scientific experiments', 1, '2016-10-10 14:39:13.187', 1);
INSERT INTO cm.georeferenceType (id, name, description, statusId, createdOn, createdBy) VALUES (5, N'Greenhouse', N'A building or part of a building that has glass walls and a glass roof', 1, '2016-10-10 14:39:13.187', 1);
INSERT INTO cm.georeferenceType (id, name, description, statusId, createdOn, createdBy) VALUES (6, N'Field', N'An open area of land without trees or buildings', 1, '2016-10-10 14:39:13.187', 1);
;
;
INSERT INTO cm.georeference (id, code, name, hierarchy, latitude, longitude, elevation, cropId, typeId, statusId, parentGeoreferenceId, createdOn, createdBy) VALUES (1, N'AFG', N'AFGHANISTAN', 1, NULL, NULL, NULL, 2, 2, 1, NULL, '2016-10-10 14:39:13.187', 1);
INSERT INTO cm.georeference (id, code, name, hierarchy, latitude, longitude, elevation, cropId, typeId, statusId, parentGeoreferenceId, createdOn, createdBy) VALUES (2, N'AGO', N'ANGOLA', 1, NULL, NULL, NULL, 2, 2, 1, NULL, '2016-10-10 14:39:13.187', 1);
INSERT INTO cm.georeference (id, code, name, hierarchy, latitude, longitude, elevation, cropId, typeId, statusId, parentGeoreferenceId, createdOn, createdBy) VALUES (3, N'AIA', N'ANGUILLA', 1, NULL, NULL, NULL, 2, 2, 1, NULL, '2016-10-10 14:39:13.187', 1);
INSERT INTO cm.georeference (id, code, name, hierarchy, latitude, longitude, elevation, cropId, typeId, statusId, parentGeoreferenceId, createdOn, createdBy) VALUES (4, N'ALA', N'ÅLAND ISLANDS', 1, NULL, NULL, NULL, 2, 2, 1, NULL, '2016-10-10 14:39:13.187', 1);
INSERT INTO cm.georeference (id, code, name, hierarchy, latitude, longitude, elevation, cropId, typeId, statusId, parentGeoreferenceId, createdOn, createdBy) VALUES (5, N'ALB', N'ALBANIA', 1, NULL, NULL, NULL, 2, 2, 1, NULL, '2016-10-10 14:39:13.187', 1);
INSERT INTO cm.georeference (id, code, name, hierarchy, latitude, longitude, elevation, cropId, typeId, statusId, parentGeoreferenceId, createdOn, createdBy) VALUES (6, N'AND', N'ANDORRA', 1, NULL, NULL, NULL, 2, 2, 1, NULL, '2016-10-10 14:39:13.187', 1);
INSERT INTO cm.georeference (id, code, name, hierarchy, latitude, longitude, elevation, cropId, typeId, statusId, parentGeoreferenceId, createdOn, createdBy) VALUES (7, N'ANT', N'ANTILLES', 1, NULL, NULL, NULL, 2, 2, 1, NULL, '2016-10-10 14:39:13.187', 1);
INSERT INTO cm.georeference (id, code, name, hierarchy, latitude, longitude, elevation, cropId, typeId, statusId, parentGeoreferenceId, createdOn, createdBy) VALUES (8, N'ARE', N'U A EMIRATES', 1, NULL, NULL, NULL, 2, 2, 1, NULL, '2016-10-10 14:39:13.187', 1);
INSERT INTO cm.georeference (id, code, name, hierarchy, latitude, longitude, elevation, cropId, typeId, statusId, parentGeoreferenceId, createdOn, createdBy) VALUES (9, N'ARG', N'ARGENTINA', 1, NULL, NULL, NULL, 2, 2, 1, NULL, '2016-10-10 14:39:13.187', 1);
INSERT INTO cm.georeference (id, code, name, hierarchy, latitude, longitude, elevation, cropId, typeId, statusId, parentGeoreferenceId, createdOn, createdBy) VALUES (10, N'ARM', N'ARMENIA', 1, NULL, NULL, NULL, 2, 2, 1, NULL, '2016-10-10 14:39:13.187', 1);
INSERT INTO cm.georeference (id, code, name, hierarchy, latitude, longitude, elevation, cropId, typeId, statusId, parentGeoreferenceId, createdOn, createdBy) VALUES (11, N'ASM', N'AMERICAN SAMOA', 1, NULL, NULL, NULL, 2, 2, 1, NULL, '2016-10-10 14:39:13.187', 1);
INSERT INTO cm.georeference (id, code, name, hierarchy, latitude, longitude, elevation, cropId, typeId, statusId, parentGeoreferenceId, createdOn, createdBy) VALUES (12, N'ATA', N'ANTARCTICA', 1, NULL, NULL, NULL, 2, 2, 1, NULL, '2016-10-10 14:39:13.187', 1);
INSERT INTO cm.georeference (id, code, name, hierarchy, latitude, longitude, elevation, cropId, typeId, statusId, parentGeoreferenceId, createdOn, createdBy) VALUES (13, N'ATG', N'ANTIGUA', 1, NULL, NULL, NULL, 2, 2, 1, NULL, '2016-10-10 14:39:13.187', 1);
INSERT INTO cm.georeference (id, code, name, hierarchy, latitude, longitude, elevation, cropId, typeId, statusId, parentGeoreferenceId, createdOn, createdBy) VALUES (14, N'AUS', N'AUSTRALIA', 1, NULL, NULL, NULL, 2, 2, 1, NULL, '2016-10-10 14:39:13.187', 1);
INSERT INTO cm.georeference (id, code, name, hierarchy, latitude, longitude, elevation, cropId, typeId, statusId, parentGeoreferenceId, createdOn, createdBy) VALUES (137, N'MEX', N'MEXICO', 1, NULL, NULL, NULL, 2, 2, 1, NULL, '2016-10-10 14:39:13.187', 1);
;
INSERT INTO cm.georeferenceDetail (id, value, georeferenceId, customFieldId) VALUES (1, N'AF', 1, 4);
INSERT INTO cm.georeferenceDetail (id, value, georeferenceId, customFieldId) VALUES (2, N'ME', 1, 6);
INSERT INTO cm.georeferenceDetail (id, value, georeferenceId, customFieldId) VALUES (3, N'2', 1, 2);
INSERT INTO cm.georeferenceDetail (id, value, georeferenceId, customFieldId) VALUES (4, N'AS', 1, 5);
INSERT INTO cm.georeferenceDetail (id, value, georeferenceId, customFieldId) VALUES (5, N'4', 1, 3);
INSERT INTO cm.georeferenceDetail (id, value, georeferenceId, customFieldId) VALUES (6, N'Democratic Republic of Afghanistan          ', 1, 1);
INSERT INTO cm.georeferenceDetail (id, value, georeferenceId, customFieldId) VALUES (7, N'MT', 1, 8);
INSERT INTO cm.georeferenceDetail (id, value, georeferenceId, customFieldId) VALUES (8, N'CW', 1, 7);
INSERT INTO cm.georeferenceDetail (id, value, georeferenceId, customFieldId) VALUES (9, N'AO', 2, 4);
INSERT INTO cm.georeferenceDetail (id, value, georeferenceId, customFieldId) VALUES (10, N'WA', 2, 6);
INSERT INTO cm.georeferenceDetail (id, value, georeferenceId, customFieldId) VALUES (11, N'7', 2, 2);
INSERT INTO cm.georeferenceDetail (id, value, georeferenceId, customFieldId) VALUES (12, N'AF', 2, 5);
INSERT INTO cm.georeferenceDetail (id, value, georeferenceId, customFieldId) VALUES (13, N'24', 2, 3);
INSERT INTO cm.georeferenceDetail (id, value, georeferenceId, customFieldId) VALUES (14, N'Republic of Angola                          ', 2, 1);
INSERT INTO cm.georeferenceDetail (id, value, georeferenceId, customFieldId) VALUES (15, N'FS', 2, 8);
INSERT INTO cm.georeferenceDetail (id, value, georeferenceId, customFieldId) VALUES (16, N'AF', 2, 7);
INSERT INTO cm.georeferenceDetail (id, value, georeferenceId, customFieldId) VALUES (17, N'AI', 3, 4);
INSERT INTO cm.georeferenceDetail (id, value, georeferenceId, customFieldId) VALUES (18, N'MC', 3, 6);
INSERT INTO cm.georeferenceDetail (id, value, georeferenceId, customFieldId) VALUES (19, N'NC', 3, 5);
INSERT INTO cm.georeferenceDetail (id, value, georeferenceId, customFieldId) VALUES (20, N'660', 3, 3);
INSERT INTO cm.georeferenceDetail (id, value, georeferenceId, customFieldId) VALUES (21, N'British Overseas Territory of Anguilla      ', 3, 1);
INSERT INTO cm.georeferenceDetail (id, value, georeferenceId, customFieldId) VALUES (22, N'MC', 3, 8);
INSERT INTO cm.georeferenceDetail (id, value, georeferenceId, customFieldId) VALUES (23, N'CR', 3, 7);
INSERT INTO cm.georeferenceDetail (id, value, georeferenceId, customFieldId) VALUES (24, N'AX', 4, 4);
INSERT INTO cm.georeferenceDetail (id, value, georeferenceId, customFieldId) VALUES (25, N'WE', 4, 6);
INSERT INTO cm.georeferenceDetail (id, value, georeferenceId, customFieldId) VALUES (26, N'0', 4, 2);
INSERT INTO cm.georeferenceDetail (id, value, georeferenceId, customFieldId) VALUES (27, N'EU', 4, 5);
INSERT INTO cm.georeferenceDetail (id, value, georeferenceId, customFieldId) VALUES (28, N'248', 4, 3);
INSERT INTO cm.georeferenceDetail (id, value, georeferenceId, customFieldId) VALUES (29, N'Åland Islands                               ', 4, 1);
INSERT INTO cm.georeferenceDetail (id, value, georeferenceId, customFieldId) VALUES (30, N'MT', 4, 8);
INSERT INTO cm.georeferenceDetail (id, value, georeferenceId, customFieldId) VALUES (31, N'EU', 4, 7);
INSERT INTO cm.georeferenceDetail (id, value, georeferenceId, customFieldId) VALUES (32, N'AL', 5, 4);
INSERT INTO cm.georeferenceDetail (id, value, georeferenceId, customFieldId) VALUES (33, N'EU', 5, 6);
INSERT INTO cm.georeferenceDetail (id, value, georeferenceId, customFieldId) VALUES (34, N'3', 5, 2);
INSERT INTO cm.georeferenceDetail (id, value, georeferenceId, customFieldId) VALUES (35, N'EU', 5, 5);
INSERT INTO cm.georeferenceDetail (id, value, georeferenceId, customFieldId) VALUES (36, N'8', 5, 3);
INSERT INTO cm.georeferenceDetail (id, value, georeferenceId, customFieldId) VALUES (37, N'Republic of Albania                         ', 5, 1);
INSERT INTO cm.georeferenceDetail (id, value, georeferenceId, customFieldId) VALUES (38, N'MT', 5, 8);
INSERT INTO cm.georeferenceDetail (id, value, georeferenceId, customFieldId) VALUES (39, N'EU', 5, 7);
INSERT INTO cm.georeferenceDetail (id, value, georeferenceId, customFieldId) VALUES (40, N'AD', 6, 4);
INSERT INTO cm.georeferenceDetail (id, value, georeferenceId, customFieldId) VALUES (41, N'EU', 6, 5);
INSERT INTO cm.georeferenceDetail (id, value, georeferenceId, customFieldId) VALUES (42, N'20', 6, 3);
INSERT INTO cm.georeferenceDetail (id, value, georeferenceId, customFieldId) VALUES (43, N'Principality of Andorra                     ', 6, 1);
INSERT INTO cm.georeferenceDetail (id, value, georeferenceId, customFieldId) VALUES (44, N'MT', 6, 8);
INSERT INTO cm.georeferenceDetail (id, value, georeferenceId, customFieldId) VALUES (45, N'EU', 6, 7);
INSERT INTO cm.georeferenceDetail (id, value, georeferenceId, customFieldId) VALUES (46, N'AN', 7, 4);
INSERT INTO cm.georeferenceDetail (id, value, georeferenceId, customFieldId) VALUES (47, N'MC', 7, 6);
INSERT INTO cm.georeferenceDetail (id, value, georeferenceId, customFieldId) VALUES (48, N'151', 7, 2);
INSERT INTO cm.georeferenceDetail (id, value, georeferenceId, customFieldId) VALUES (49, N'NC', 7, 5);
INSERT INTO cm.georeferenceDetail (id, value, georeferenceId, customFieldId) VALUES (50, N'530', 7, 3);
INSERT INTO cm.georeferenceDetail (id, value, georeferenceId, customFieldId) VALUES (51, N'Netherlands Antilles                        ', 7, 1);
INSERT INTO cm.georeferenceDetail (id, value, georeferenceId, customFieldId) VALUES (52, N'MC', 7, 8);
INSERT INTO cm.georeferenceDetail (id, value, georeferenceId, customFieldId) VALUES (53, N'CR', 7, 7);
INSERT INTO cm.georeferenceDetail (id, value, georeferenceId, customFieldId) VALUES (54, N'AE', 8, 4);
INSERT INTO cm.georeferenceDetail (id, value, georeferenceId, customFieldId) VALUES (55, N'ME', 8, 6);
INSERT INTO cm.georeferenceDetail (id, value, georeferenceId, customFieldId) VALUES (56, N'225', 8, 2);
INSERT INTO cm.georeferenceDetail (id, value, georeferenceId, customFieldId) VALUES (57, N'AS', 8, 5);
INSERT INTO cm.georeferenceDetail (id, value, georeferenceId, customFieldId) VALUES (58, N'784', 8, 3);
INSERT INTO cm.georeferenceDetail (id, value, georeferenceId, customFieldId) VALUES (59, N'United Arab Emirates                        ', 8, 1);
INSERT INTO cm.georeferenceDetail (id, value, georeferenceId, customFieldId) VALUES (60, N'OT', 8, 8);
INSERT INTO cm.georeferenceDetail (id, value, georeferenceId, customFieldId) VALUES (61, N'CW', 8, 7);
INSERT INTO cm.georeferenceDetail (id, value, georeferenceId, customFieldId) VALUES (62, N'AR', 9, 4);
INSERT INTO cm.georeferenceDetail (id, value, georeferenceId, customFieldId) VALUES (63, N'SC', 9, 6);
INSERT INTO cm.georeferenceDetail (id, value, georeferenceId, customFieldId) VALUES (64, N'9', 9, 2);
INSERT INTO cm.georeferenceDetail (id, value, georeferenceId, customFieldId) VALUES (65, N'SA', 9, 5);
INSERT INTO cm.georeferenceDetail (id, value, georeferenceId, customFieldId) VALUES (66, N'32', 9, 3);
INSERT INTO cm.georeferenceDetail (id, value, georeferenceId, customFieldId) VALUES (67, N'Argentine Republic                          ', 9, 1);
INSERT INTO cm.georeferenceDetail (id, value, georeferenceId, customFieldId) VALUES (68, N'MS', 9, 8);
INSERT INTO cm.georeferenceDetail (id, value, georeferenceId, customFieldId) VALUES (69, N'SA', 9, 7);
INSERT INTO cm.georeferenceDetail (id, value, georeferenceId, customFieldId) VALUES (70, N'AM', 10, 4);
INSERT INTO cm.georeferenceDetail (id, value, georeferenceId, customFieldId) VALUES (71, N'ME', 10, 6);
INSERT INTO cm.georeferenceDetail (id, value, georeferenceId, customFieldId) VALUES (72, N'AS', 10, 5);
INSERT INTO cm.georeferenceDetail (id, value, georeferenceId, customFieldId) VALUES (73, N'51', 10, 3);
INSERT INTO cm.georeferenceDetail (id, value, georeferenceId, customFieldId) VALUES (74, N'Republic of Armenia                         ', 10, 1);
INSERT INTO cm.georeferenceDetail (id, value, georeferenceId, customFieldId) VALUES (75, N'MT', 10, 8);
INSERT INTO cm.georeferenceDetail (id, value, georeferenceId, customFieldId) VALUES (76, N'CW', 10, 7);
INSERT INTO cm.georeferenceDetail (id, value, georeferenceId, customFieldId) VALUES (77, N'AS', 11, 4);
INSERT INTO cm.georeferenceDetail (id, value, georeferenceId, customFieldId) VALUES (78, N'EP', 11, 6);
INSERT INTO cm.georeferenceDetail (id, value, georeferenceId, customFieldId) VALUES (79, N'5', 11, 2);
INSERT INTO cm.georeferenceDetail (id, value, georeferenceId, customFieldId) VALUES (80, N'OC', 11, 5);
INSERT INTO cm.georeferenceDetail (id, value, georeferenceId, customFieldId) VALUES (81, N'16', 11, 3);
INSERT INTO cm.georeferenceDetail (id, value, georeferenceId, customFieldId) VALUES (82, N'Territory of American Samoa                 ', 11, 1);
INSERT INTO cm.georeferenceDetail (id, value, georeferenceId, customFieldId) VALUES (83, N'OT', 11, 8);
INSERT INTO cm.georeferenceDetail (id, value, georeferenceId, customFieldId) VALUES (84, N'OC', 11, 7);
INSERT INTO cm.georeferenceDetail (id, value, georeferenceId, customFieldId) VALUES (85, N'AQ', 12, 4);
INSERT INTO cm.georeferenceDetail (id, value, georeferenceId, customFieldId) VALUES (86, N'EU', 12, 5);
INSERT INTO cm.georeferenceDetail (id, value, georeferenceId, customFieldId) VALUES (87, N'10', 12, 3);
INSERT INTO cm.georeferenceDetail (id, value, georeferenceId, customFieldId) VALUES (88, N'Antarctica                                  ', 12, 1);
INSERT INTO cm.georeferenceDetail (id, value, georeferenceId, customFieldId) VALUES (89, N'OT', 12, 8);
INSERT INTO cm.georeferenceDetail (id, value, georeferenceId, customFieldId) VALUES (90, N'EU', 12, 7);
INSERT INTO cm.georeferenceDetail (id, value, georeferenceId, customFieldId) VALUES (91, N'AG', 13, 4);
INSERT INTO cm.georeferenceDetail (id, value, georeferenceId, customFieldId) VALUES (92, N'MC', 13, 6);
INSERT INTO cm.georeferenceDetail (id, value, georeferenceId, customFieldId) VALUES (93, N'8', 13, 2);
INSERT INTO cm.georeferenceDetail (id, value, georeferenceId, customFieldId) VALUES (94, N'NC', 13, 5);
INSERT INTO cm.georeferenceDetail (id, value, georeferenceId, customFieldId) VALUES (95, N'28', 13, 3);
INSERT INTO cm.georeferenceDetail (id, value, georeferenceId, customFieldId) VALUES (96, N'Antigua and Barbuda                         ', 13, 1);
INSERT INTO cm.georeferenceDetail (id, value, georeferenceId, customFieldId) VALUES (97, N'MC', 13, 8);
INSERT INTO cm.georeferenceDetail (id, value, georeferenceId, customFieldId) VALUES (98, N'CR', 13, 7);
INSERT INTO cm.georeferenceDetail (id, value, georeferenceId, customFieldId) VALUES (99, N'AU', 14, 4);
INSERT INTO cm.georeferenceDetail (id, value, georeferenceId, customFieldId) VALUES (1053, N'MX', 137, 4);
INSERT INTO cm.georeferenceDetail (id, value, georeferenceId, customFieldId) VALUES (1054, N'MC', 137, 6);
INSERT INTO cm.georeferenceDetail (id, value, georeferenceId, customFieldId) VALUES (1055, N'138', 137, 2);
INSERT INTO cm.georeferenceDetail (id, value, georeferenceId, customFieldId) VALUES (1056, N'NC', 137, 5);
INSERT INTO cm.georeferenceDetail (id, value, georeferenceId, customFieldId) VALUES (1057, N'484', 137, 3);
INSERT INTO cm.georeferenceDetail (id, value, georeferenceId, customFieldId) VALUES (1058, N'United Mexican States                       ', 137, 1);
INSERT INTO cm.georeferenceDetail (id, value, georeferenceId, customFieldId) VALUES (1059, N'MN', 137, 8);
INSERT INTO cm.georeferenceDetail (id, value, georeferenceId, customFieldId) VALUES (1060, N'NA', 137, 7);
;
INSERT INTO cm.season (id, name, code, starting, ending, cropId, statusId, createdOn, createdBy) VALUES (85, N'2008B', N'2008B', '2007-05-30', '2009-10-30', 2, 1, '2016-10-04 14:01:05.927', 1)
INSERT INTO cm.season (id, name, code, starting, ending, cropId, statusId, createdOn, createdBy) VALUES (86, N'2009A', N'2009A', '2009-01-06', '2010-10-30', 2, 1, '2016-10-04 14:01:05.927', 1)
INSERT INTO cm.season (id, name, code, starting, ending, cropId, statusId, createdOn, createdBy) VALUES (87, N'2009B', N'2009B', '2009-10-15',	'2010-10-15', 2, 1, '2016-10-04 14:01:05.927', 1)
INSERT INTO cm.season (id, name, code, starting, ending, cropId, statusId, createdOn, createdBy) VALUES (88, N'2010A', N'2010A', '2009-10-15', '2011-10-30', 2, 1, '2016-10-04 14:01:05.927', 1)
INSERT INTO cm.season (id, name, code, starting, ending, cropId, statusId, createdOn, createdBy) VALUES (89, N'2010B', N'2010B', '2010-01-15', '2011-10-15', 2, 1, '2016-10-04 14:01:05.927', 1)
INSERT INTO cm.season (id, name, code, starting, ending, cropId, statusId, createdOn, createdBy) VALUES (90, N'2011A', N'2011A', '2010-10-15',	'2012-12-15', 2, 1, '2016-10-04 14:01:05.927', 1)
INSERT INTO cm.season (id, name, code, starting, ending, cropId, statusId, createdOn, createdBy) VALUES (91, N'2011B', N'2011B', '2011-04-15',	'2012-12-06', 2, 1, '2016-10-04 14:01:05.927', 1)
INSERT INTO cm.season (id, name, code, starting, ending, cropId, statusId, createdOn, createdBy) VALUES (92, N'2012A', N'2012A', '2012-03-15',	'2013-10-15', 2, 1, '2016-10-04 14:01:05.927', 1)
INSERT INTO cm.season (id, name, code, starting, ending, cropId, statusId, createdOn, createdBy) VALUES (93, N'2012B', N'2012B', '2012-05-10',	'2013-06-01', 2, 1, '2016-10-04 14:01:05.927', 1)
INSERT INTO cm.season (id, name, code, starting, ending, cropId, statusId, createdOn, createdBy) VALUES (94, N'2013A', N'2013A', '2013-10-15',	'2013-10-30', 2, 1, '2016-10-04 14:01:05.927', 1)
INSERT INTO cm.season (id, name, code, starting, ending, cropId, statusId, createdOn, createdBy) VALUES (95, N'2013B', N'2013B', '1900-01-01', NULL, 2, 1, '2016-10-04 14:01:05.927', 1)
INSERT INTO cm.season (id, name, code, starting, ending, cropId, statusId, createdOn, createdBy) VALUES (96, N'2014A', N'2014A', '1900-01-01', NULL, 2, 1, '2016-10-04 14:01:05.927', 1)
INSERT INTO cm.season (id, name, code, starting, ending, cropId, statusId, createdOn, createdBy) VALUES (97, N'2014B', N'2014B', '1900-01-01', NULL, 2, 1, '2016-10-04 14:01:05.927', 1)
INSERT INTO cm.season (id, name, code, starting, ending, cropId, statusId, createdOn, createdBy) VALUES (98, N'2015A', N'2015A', '1900-01-01', NULL, 2, 1, '2016-10-04 14:01:05.927', 1)
INSERT INTO cm.season (id, name, code, starting, ending, cropId, statusId, createdOn, createdBy) VALUES (99, N'2015B', N'2015B', '1900-01-01', NULL, 2, 1, '2016-10-04 14:01:05.927', 1)
;
INSERT INTO cm.program (id, name, acronym, description, externalReference, cropId, statusId, createdOn, createdBy) VALUES (0, N'Unknown program', N'UNK', N'Unknown program', NULL, 2, 1, '2016-10-04 14:01:05.927', 1);
INSERT INTO cm.program (id, name, acronym, description, externalReference, cropId, statusId, createdOn, createdBy) VALUES (1, N'RYE', N'RYE', N'RYE', NULL, 2, 1, '2016-10-10 14:39:13.187', 1);
INSERT INTO cm.program (id, name, acronym, description, externalReference, cropId, statusId, createdOn, createdBy) VALUES (2, N'DW', N'DW', N'DURUM WHEAT', NULL, 2, 1, '2016-10-10 14:39:13.187', 1);
INSERT INTO cm.program (id, name, acronym, description, externalReference, cropId, statusId, createdOn, createdBy) VALUES (3, N'BW', N'BW', N'BREAD WHEAT', NULL, 2, 1, '2016-10-10 14:39:13.187', 1);
INSERT INTO cm.program (id, name, acronym, description, externalReference, cropId, statusId, createdOn, createdBy) VALUES (4, N'SPP', N'SPP', N'SPECIES', NULL, 2, 1, '2016-10-10 14:39:13.187', 1);
INSERT INTO cm.program (id, name, acronym, description, externalReference, cropId, statusId, createdOn, createdBy) VALUES (5, N'BA', N'BA', N'BA', NULL, 2, 1, '2016-10-10 14:39:13.187', 1);
INSERT INTO cm.program (id, name, acronym, description, externalReference, cropId, statusId, createdOn, createdBy) VALUES (6, N'TCL', N'TCL', N'TRITICALE', NULL, 2, 1, '2016-10-10 14:39:13.187', 1);
INSERT INTO cm.program (id, name, acronym, description, externalReference, cropId, statusId, createdOn, createdBy) VALUES (7, N'B', N'B', N'BARLEY', NULL, 2, 1, '2016-10-10 14:39:13.187', 1);
INSERT INTO cm.program (id, name, acronym, description, externalReference, cropId, statusId, createdOn, createdBy) VALUES (8, N'SYN', N'SYN', N'SYNTHETIC', NULL, 2, 1, '2016-10-10 14:39:13.187', 1);
INSERT INTO cm.program (id, name, acronym, description, externalReference, cropId, statusId, createdOn, createdBy) VALUES (9, N'HAR', N'HAR', N'HAR', NULL, 2, 1, '2016-10-10 14:39:13.187', 1);
INSERT INTO cm.program (id, name, acronym, description, externalReference, cropId, statusId, createdOn, createdBy) VALUES (10, N'CIMMYT-HQ-LowlandTropical', N'CIMMYT-HQ-Lowla', N'CIMMYT-HQ-LowlandTropical', NULL, 1, 1, '2016-10-04 14:01:05.927', 3);
INSERT INTO cm.program (id, name, acronym, description, externalReference, cropId, statusId, createdOn, createdBy) VALUES (11, N'CIMMYT-Zimbabwe          ', N'CIMMYT-Zimbabwe', N'CIMMYT-Zimbabwe          ', NULL, 1, 1, '2016-10-04 14:01:05.927', 3);
INSERT INTO cm.program (id, name, acronym, description, externalReference, cropId, statusId, createdOn, createdBy) VALUES (12, N'CIMMYT-HQ-Entomology     ', N'CIMMYT-HQ-Entom', N'CIMMYT-HQ-Entomology     ', NULL, 1, 1, '2016-10-04 14:01:05.927', 3);
INSERT INTO cm.program (id, name, acronym, description, externalReference, cropId, statusId, createdOn, createdBy) VALUES (13, N'CIMMYT-HQ-Highland       ', N'CIMMYT-HQ-Highl', N'CIMMYT-HQ-Highland       ', NULL, 1, 1, '2016-10-04 14:01:05.927', 3);
INSERT INTO cm.program (id, name, acronym, description, externalReference, cropId, statusId, createdOn, createdBy) VALUES (14, N'CIMMYT-Ethiopia          ', N'CIMMYT-Ethiopia', N'CIMMYT-Ethiopia          ', NULL, 1, 1, '2016-10-04 14:01:05.927', 3);
INSERT INTO cm.program (id, name, acronym, description, externalReference, cropId, statusId, createdOn, createdBy) VALUES (15, N'CIMMYT-Kenya             ', N'CIMMYT-Kenya   ', N'CIMMYT-Kenya             ', NULL, 1, 1, '2016-10-04 14:01:05.927', 3);
INSERT INTO cm.program (id, name, acronym, description, externalReference, cropId, statusId, createdOn, createdBy) VALUES (16, N'CIMMYT-Colombia          ', N'CIMMYT-Colombia', N'CIMMYT-Colombia          ', NULL, 1, 1, '2016-10-04 14:01:05.927', 3);
INSERT INTO cm.program (id, name, acronym, description, externalReference, cropId, statusId, createdOn, createdBy) VALUES (17, N'CIMMYT-HQ-Subtropical    ', N'CIMMYT-HQ-Subtr', N'CIMMYT-HQ-Subtropical    ', NULL, 1, 1, '2016-10-04 14:01:05.927', 3);
INSERT INTO cm.program (id, name, acronym, description, externalReference, cropId, statusId, createdOn, createdBy) VALUES (18, N'CIMMYT-HQ-Physiology     ', N'CIMMYT-HQ-Physi', N'CIMMYT-HQ-Physiology     ', NULL, 1, 1, '2016-10-04 14:01:05.927', 3);
INSERT INTO cm.program (id, name, acronym, description, externalReference, cropId, statusId, createdOn, createdBy) VALUES (19, N'CIMMYT-HQ-Pathology      ', N'CIMMYT-HQ-Patho', N'CIMMYT-HQ-Pathology      ', NULL, 1, 1, '2016-10-04 14:01:05.927', 3);
INSERT INTO cm.program (id, name, acronym, description, externalReference, cropId, statusId, createdOn, createdBy) VALUES (20, N'CIMMYT-India             ', N'CIMMYT-India   ', N'CIMMYT-India             ', NULL, 1, 1, '2016-10-04 14:01:05.927', 3);
INSERT INTO cm.program (id, name, acronym, description, externalReference, cropId, statusId, createdOn, createdBy) VALUES (21, N'CIMMYT-HQ-HarvestPlus    ', N'CIMMYT-HQ-Harve', N'CIMMYT-HQ-HarvestPlus    ', NULL, 1, 1, '2016-10-04 14:01:05.927', 3);
INSERT INTO cm.program (id, name, acronym, description, externalReference, cropId, statusId, createdOn, createdBy) VALUES (22, N'CIMMYT-HQ-BioticStress   ', N'CIMMYT-HQ-Bioti', N'CIMMYT-HQ-BioticStress   ', NULL, 1, 1, '2016-10-04 14:01:05.927', 3);
INSERT INTO cm.program (id, name, acronym, description, externalReference, cropId, statusId, createdOn, createdBy) VALUES (23, N'CIMMYT                   ', N'CIMMYT         ', N'CIMMYT                   ', NULL, 1, 1, '2016-10-04 14:01:05.927', 3);
INSERT INTO cm.program (id, name, acronym, description, externalReference, cropId, statusId, createdOn, createdBy) VALUES (24, N'Pannar - Devonia         ', N'Pannar - Devoni', N'Pannar - Devonia         ', NULL, 1, 1, '2016-10-04 14:01:05.927', 3);
INSERT INTO cm.program (id, name, acronym, description, externalReference, cropId, statusId, createdOn, createdBy) VALUES (25, N'SEEDCO-KRC               ', N'SEEDCO-KRC     ', N'SEEDCO-KRC               ', NULL, 1, 1, '2016-10-04 14:01:05.927', 3);
INSERT INTO cm.program (id, name, acronym, description, externalReference, cropId, statusId, createdOn, createdBy) VALUES (26, N'IMAS                     ', N'IMAS           ', N'IMAS                     ', NULL, 1, 1, '2016-10-04 14:01:05.927', 3);
INSERT INTO cm.program (id, name, acronym, description, externalReference, cropId, statusId, createdOn, createdBy) VALUES (27, N'K2 Agri-SA               ', N'K2 Agri-SA     ', N'K2 Agri-SA               ', NULL, 1, 1, '2016-10-04 14:01:05.927', 3);
INSERT INTO cm.program (id, name, acronym, description, externalReference, cropId, statusId, createdOn, createdBy) VALUES (28, N'SEEDCO-SA                ', N'SEEDCO-SA      ', N'SEEDCO-SA                ', NULL, 1, 1, '2016-10-04 14:01:05.927', 3);
INSERT INTO cm.program (id, name, acronym, description, externalReference, cropId, statusId, createdOn, createdBy) VALUES (29, N'EIAR                     ', N'EIAR           ', N'EIAR                     ', NULL, 1, 1, '2016-10-04 14:01:05.927', 3);
INSERT INTO cm.program (id, name, acronym, description, externalReference, cropId, statusId, createdOn, createdBy) VALUES (30, N'CIMMYT-HQ-HHIGHLAND      ', N'CIMMYT-HQ-HHIGH', N'CIMMYT-HQ-HHIGHLAND      ', NULL, 1, 1, '2016-10-04 14:01:05.927', 3);
;
INSERT INTO cm.megaEnvironment (id, acronym, name, statusId, cropId) VALUES (0, N'UNK', N'Unknown', 1, 2);
INSERT INTO cm.megaEnvironment (id, acronym, name, statusId, cropId) VALUES (1, N'DRY', N'Dryland', 1, 2);
INSERT INTO cm.megaEnvironment (id, acronym, name, statusId, cropId) VALUES (2, N'HOT', N'Heat Stress', 1, 2);
INSERT INTO cm.megaEnvironment (id, acronym, name, statusId, cropId) VALUES (3, N'HR', N'High Rainfall', 1, 2);
INSERT INTO cm.megaEnvironment (id, acronym, name, statusId, cropId) VALUES (4, N'IIR', N'Irrigated Areas', 1, 2);
INSERT INTO cm.megaEnvironment (id, acronym, name, statusId, cropId) VALUES (5, N'OE', N'Optimum Irrigated', 1, 2);
INSERT INTO cm.megaEnvironment (id, acronym, name, statusId, cropId) VALUES (6, N'SA', N'Semi Arid', 1, 2);
INSERT INTO cm.megaEnvironment (id, acronym, name, statusId, cropId) VALUES (7, N'TE', N'Tropical Environment', 1, 2);
INSERT INTO cm.megaEnvironment (id, acronym, name, statusId, cropId) VALUES (8, N'TRP', N'Tropical Stress', 1, 2);
INSERT INTO cm.megaEnvironment (id, acronym, name, statusId, cropId) VALUES (9, N'WA', N'Warmer Areas', 1, 2);
INSERT INTO cm.megaEnvironment (id, acronym, name, statusId, cropId) VALUES (10, N'WET', N'Rainfed Aread', 1, 2);
INSERT INTO cm.megaEnvironment (id, acronym, name, statusId, cropId) VALUES (11, N'WF', N'Winter/Facultative', 1, 2);
INSERT INTO cm.megaEnvironment (id, acronym, name, statusId, cropId) VALUES (12, N'WL', N'Wet Lowland', 1, 1);
INSERT INTO cm.megaEnvironment (id, acronym, name, statusId, cropId) VALUES (13, N'DMA', N'Dry Mid-altitude', 1, 1);
INSERT INTO cm.megaEnvironment (id, acronym, name, statusId, cropId) VALUES (14, N'WLMA', N'Wet Lower Mid-altitude', 1, 1);
INSERT INTO cm.megaEnvironment (id, acronym, name, statusId, cropId) VALUES (15, N'HL', N'Highland', 1, 1);
INSERT INTO cm.megaEnvironment (id, acronym, name, statusId, cropId) VALUES (16, N'WUMA', N'Wet Upper Mid-altitude', 1, 1);
INSERT INTO cm.megaEnvironment (id, acronym, name, statusId, cropId) VALUES (17, N'DL', N'Dry Lowland', 1, 1);
;
INSERT INTO gp.progenitorType (id, name, description, statusId) VALUES (1, N'female', N'In a cross, provides something', 1);
INSERT INTO gp.progenitorType (id, name, description, statusId) VALUES (2, N'male', N'In a cross, provides something else', 1);
INSERT INTO gp.progenitorType (id, name, description, statusId) VALUES (3, N'original cross', N'Indirect parent being the cross from which the germplasm originated', 1);
INSERT INTO gp.progenitorType (id, name, description, statusId) VALUES (4, N'antecessor', N'direct parent in a selection', 1);
;
INSERT INTO gp.nameType (id, name, description, code, statusId, cropId) VALUES (1, N'BCID', N'Breeder Cross Identifier', N'BCID', 1, 2);
INSERT INTO gp.nameType (id, name, description, code, statusId, cropId) VALUES (2, N'Specific Name', N'Common Name Assigned by Breeders', N'SNAME', 1, 2);
INSERT INTO gp.nameType (id, name, description, code, statusId, cropId) VALUES (3, N'Name Abbreviation', N'Name Abbreviation', N'NABBR', 1, 2);
INSERT INTO gp.nameType (id, name, description, code, statusId, cropId) VALUES (4, N'Pedigree', N'Pedigree in the Purdy notation', N'PEDIGREE', 1, 2);
INSERT INTO gp.nameType (id, name, description, code, statusId, cropId) VALUES (5, N'Selection History', N'Standard Selection History', N'SELHIST', 1, 2);
INSERT INTO gp.nameType (id, name, description, code, statusId, cropId) VALUES (6, N'Non Standard Selection History', N'Non-Standard Selection History', N'NONSTD', 1, 2);
INSERT INTO gp.nameType (id, name, description, code, statusId, cropId) VALUES (7, N'Synonym Name', N'Alternative name used outside CIMMYT', N'SYNNAME', 1, 2);
INSERT INTO gp.nameType (id, name, description, code, statusId, cropId) VALUES (8, N'Synonym Abbreviation', N'Synonym Abbreviation', N'SYNABBR', 1, 2);
INSERT INTO gp.nameType (id, name, description, code, statusId, cropId) VALUES (9, N'Intrid', N'Germplasm Bank Introduction Identifier', N'INTRID', 1, 2);
INSERT INTO gp.nameType (id, name, description, code, statusId, cropId) VALUES (10, N'BCID2', N'Second Breeder Cross IDentifier', N'BCID2', 1, 2);
INSERT INTO gp.nameType (id, name, description, code, statusId, cropId) VALUES (11, N'GERMPLASM BANK ACCESSION NUMBER                   ', N'-                                                                                                   ', N'ACCNO   ', 1, 1);
INSERT INTO gp.nameType (id, name, description, code, statusId, cropId) VALUES (12, N'CROSS NAME                                        ', N'-                                                                                                   ', N'CRSNM   ', 1, 1);
INSERT INTO gp.nameType (id, name, description, code, statusId, cropId) VALUES (13, N'UNNAMED CROSS                                     ', N'-                                                                                                   ', N'UNCRS   ', 1, 1);
INSERT INTO gp.nameType (id, name, description, code, statusId, cropId) VALUES (14, N'RELEASE NAME                                      ', N'-                                                                                                   ', N'RELNM   ', 1, 1);
INSERT INTO gp.nameType (id, name, description, code, statusId, cropId) VALUES (15, N'DERIVATIVE NAME                                   ', N'-                                                                                                   ', N'DRVNM   ', 1, 1);
INSERT INTO gp.nameType (id, name, description, code, statusId, cropId) VALUES (16, N'VARIETY NAME                                      ', N'-                                                                                                   ', N'VARNM   ', 1, 1);
INSERT INTO gp.nameType (id, name, description, code, statusId, cropId) VALUES (17, N'SPECIES NAME                                      ', N'-                                                                                                   ', N'SPNAM   ', 1, 1);
INSERT INTO gp.nameType (id, name, description, code, statusId, cropId) VALUES (18, N'COLLECTOR''S NUMBER                                ', N'-                                                                                                   ', N'COLNO   ', 1, 1);
INSERT INTO gp.nameType (id, name, description, code, statusId, cropId) VALUES (19, N'FOREIGN ACCESSION NUMBER                          ', N'-                                                                                                   ', N'FACCN   ', 1, 1);
INSERT INTO gp.nameType (id, name, description, code, statusId, cropId) VALUES (20, N'INTERNATIONAL TESTING NUMBER                      ', N'-                                                                                                   ', N'ITEST   ', 1, 1);
INSERT INTO gp.nameType (id, name, description, code, statusId, cropId) VALUES (21, N'NATIONAL TESTING NUMBER                           ', N'-                                                                                                   ', N'NTEST   ', 1, 1);
INSERT INTO gp.nameType (id, name, description, code, statusId, cropId) VALUES (22, N'LINE NAME                                         ', N'-                                                                                                   ', N'LNAME   ', 1, 1);
INSERT INTO gp.nameType (id, name, description, code, statusId, cropId) VALUES (23, N'TEMPORARY ACCESSION NUMBER/ QUARANTINE NUMBER     ', N'-                                                                                                   ', N'TACC    ', 1, 1);
INSERT INTO gp.nameType (id, name, description, code, statusId, cropId) VALUES (24, N'ALTERNATIVE DERIVATIVE NAME                       ', N'-                                                                                                   ', N'ADVNM   ', 1, 1);
INSERT INTO gp.nameType (id, name, description, code, statusId, cropId) VALUES (25, N'ALTERNATIVE CULTIVAR NAME                         ', N'-                                                                                                   ', N'ACVNM   ', 1, 1);
INSERT INTO gp.nameType (id, name, description, code, statusId, cropId) VALUES (26, N'ALTERNATIVE ABBREVIATION                          ', N'-                                                                                                   ', N'AABBR   ', 1, 1);
INSERT INTO gp.nameType (id, name, description, code, statusId, cropId) VALUES (27, N'PEDIGREE                                          ', N'-                                                                                                   ', N'PED     ', 1, 1);
INSERT INTO gp.nameType (id, name, description, code, statusId, cropId) VALUES (28, N'NAME CODE                                         ', N'-                                                                                                   ', N'NCODE   ', 1, 1);
INSERT INTO gp.nameType (id, name, description, code, statusId, cropId) VALUES (29, N'STOCK CODE                                        ', N'-                                                                                                   ', N'SCODE   ', 1, 1);
INSERT INTO gp.nameType (id, name, description, code, statusId, cropId) VALUES (30, N'LABEL OF HARVEST PLOT                             ', N'LABEL OF THE PLOT FROM WHICH THE SAMPLE WAS HARVESTED                                               ', N'PLOTNM  ', 1, 1);
INSERT INTO gp.nameType (id, name, description, code, statusId, cropId) VALUES (31, N'NAME OF A SEED SAMPLE                             ', N'SEED SAMPLE NAME IN A COLLECTION OR GENEBANK                                                        ', N'SAMPLE  ', 1, 1);
INSERT INTO gp.nameType (id, name, description, code, statusId, cropId) VALUES (32, N'ALTERNATIVE ACCESSION NAME                        ', N'-                                                                                                   ', N'AACCNO  ', 1, 1);
INSERT INTO gp.nameType (id, name, description, code, statusId, cropId) VALUES (33, N'OBSOLETE ACCESSION NAME                           ', N'-                                                                                                   ', N'OACCNO  ', 1, 1);
INSERT INTO gp.nameType (id, name, description, code, statusId, cropId) VALUES (34, N'SEED ORIGIN                                       ', N'-                                                                                                   ', N'SORIG   ', 1, 1);
INSERT INTO gp.nameType (id, name, description, code, statusId, cropId) VALUES (35, N'GENBANK ACCESSION NAME                            ', N'-                                                                                                   ', N'ACCNAME ', 1, 1);
INSERT INTO gp.nameType (id, name, description, code, statusId, cropId) VALUES (36, N'Non CIMMYT                                        ', N'-                                                                                                   ', N'NC      ', 1, 1);
INSERT INTO gp.nameType (id, name, description, code, statusId, cropId) VALUES (37, N'Plant/Seed DNA Identifier                         ', N'-                                                                                                   ', N'SAMPLEID', 1, 1);
INSERT INTO gp.nameType (id, name, description, code, statusId, cropId) VALUES (38, N'MIX                                               ', N'-                                                                                                   ', N'MIX     ', 1, 1);
INSERT INTO gp.nameType (id, name, description, code, statusId, cropId) VALUES (39, N'MAIZE GERMPLASM BANK INTRODUCTION IDENTIFIER      ', N'-                                                                                                   ', N'INTRIDS ', 1, 1);
INSERT INTO gp.nameType (id, name, description, code, statusId, cropId) VALUES (40, N'Obsolete GID                                      ', N'-                                                                                                   ', N'OGID    ', 1, 1);
INSERT INTO gp.nameType (id, name, description, code, statusId, cropId) VALUES (41, N'Code 1                                            ', N'All inbred lines or OPVs that are declared fixed                                                    ', N'CODE1   ', 1, 1);
INSERT INTO gp.nameType (id, name, description, code, statusId, cropId) VALUES (42, N'Code 2                                            ', N'All materials (Hybrids, Lines, and OPVs) that advance to Stage 4 trials                             ', N'CODE2   ', 1, 1);
INSERT INTO gp.nameType (id, name, description, code, statusId, cropId) VALUES (43, N'Code 3                                            ', N'CIMMYT MAIZE LINE (CMLs)                                                                            ', N'CODE3   ', 1, 1);
INSERT INTO gp.nameType (id, name, description, code, statusId, cropId) VALUES (44, N'Pedigree Complement 1                             ', N'Contains the first 255 characters when the pedigree is greater than 255 chars                       ', N'PC1     ', 1, 1);
INSERT INTO gp.nameType (id, name, description, code, statusId, cropId) VALUES (45, N'Pedigree Complement 2                             ', N'Contains the second 255 characters when the pedigree is greater than 255 chars                      ', N'PC2     ', 1, 1);
INSERT INTO gp.nameType (id, name, description, code, statusId, cropId) VALUES (46, N'MAIZE FINDER IDENTIFIER                           ', N'-                                                                                                   ', N'MAIZEID ', 1, 1);
INSERT INTO gp.nameType (id, name, description, code, statusId, cropId) VALUES (47, N'ABBREVIATED VARIETY NAME', N'-', N'AVARNM', 1, 1);
;
INSERT INTO fb.studyType (id, name, description, statusId) VALUES (1, N'Nursery', N'Advancing or Crossing Experiment', 1);
INSERT INTO fb.studyType (id, name, description, statusId) VALUES (2, N'Trial', N'An experiment under controlled conditions', 1);
;
INSERT INTO fb.studyEntryType (id, name, description, statusId) VALUES (1, N'Entry', N'germplasm to be tested', 1);
INSERT INTO fb.studyEntryType (id, name, description, statusId) VALUES (2, N'Check', N'germplasm used as control', 1);
;
INSERT INTO fb.designType (id, name, description, cropId, statusId) VALUES (0, N'UNK', N'Unknown design', 2, 1);
INSERT INTO fb.designType (id, name, description, cropId, statusId) VALUES (1, N'OTR', N'Other design not from the standard catalog', 2, 1);
INSERT INTO fb.designType (id, name, description, cropId, statusId) VALUES (2, N'R', N'IWIS randomization type R', 2, 1);
INSERT INTO fb.designType (id, name, description, cropId, statusId) VALUES (3, N'A', N'IWIS randomization type A', 2, 1);
INSERT INTO fb.designType (id, name, description, cropId, statusId) VALUES (4, N'F', N'IWIS randomization type F', 2, 1);
INSERT INTO fb.designType (id, name, description, cropId, statusId) VALUES (5, N'N', N'IWIS randomization type N', 2, 1);
;
INSERT INTO fb.class (id, name, acronym, description, statusId, createdOn, createdBy, cropId) VALUES (0, N'Unknown', N'UNKT', N'Unkown Class', 1, '2016-10-10 14:39:13.187', 1, 2);
INSERT INTO fb.class (id, name, acronym, description, statusId, createdOn, createdBy, cropId) VALUES (1, N'Germplasm Bank', N'W', N'Wheat Germplasm Bank', 1, '2016-10-10 14:39:13.187', 1, 2);
INSERT INTO fb.class (id, name, acronym, description, statusId, createdOn, createdBy, cropId) VALUES (2, N'Single', N'WS', N'Wheat Single', 1, '2016-10-10 14:39:13.187', 1, 2);
INSERT INTO fb.class (id, name, acronym, description, statusId, createdOn, createdBy, cropId) VALUES (3, N'National', N'N', N'Experiment created locally', 1, '2016-10-10 14:39:13.187', 1, 2);
INSERT INTO fb.class (id, name, acronym, description, statusId, createdOn, createdBy, cropId) VALUES (4, N'International', N'I', N'Worldwide replicated experiment', 1, '2016-10-10 14:39:13.187', 1, 2);
INSERT INTO fb.class (id, name, acronym, description, statusId, createdOn, createdBy, cropId) VALUES (5, N'Foreign', N'F', N'Foreign', 1, '2016-10-10 14:39:13.187', 1, 2);
INSERT INTO fb.class (id, name, acronym, description, statusId, createdOn, createdBy, cropId) VALUES (6, N'Miscellaneous', N'M', N'Miscellaneous', 1, '2016-10-10 14:39:13.187', 1, 2);
INSERT INTO fb.class (id, name, acronym, description, statusId, createdOn, createdBy, cropId) VALUES (7, N'SeeD', N'S', N'Seeds of Discovery', 1, '2016-10-10 14:39:13.187', 1, 2);
